Date,Ticker,Evaluation_Label,Early_Warning_Label,Early_Warning_Probability,Early_Warning_Prediction
2021-11-26,AAPL,0,0,0.08459136827541223,0
2021-11-29,AAPL,0,0,0.10189497623137471,0
2021-11-30,AAPL,0,0,0.044699270239252575,0
2021-12-01,AAPL,0,0,0.015744176392210516,0
2021-12-02,AAPL,0,0,0.03949671447988422,0
2021-12-03,AAPL,0,0,0.08985621457774308,0
2021-12-06,AAPL,0,0,0.06365153687769948,0
2021-12-07,AAPL,0,0,0.07591994005349302,0
2021-12-08,AAPL,0,0,0.04688993183523121,0
2021-12-09,AAPL,0,0,0.012153441118695566,0
2021-12-10,AAPL,0,0,0.04727042614414362,0
2021-12-13,AAPL,0,0,0.04535063825635716,0
2021-12-14,AAPL,0,0,0.11222245401679322,0
2021-12-15,AAPL,0,0,0.08420807720349281,0
2021-12-16,AAPL,0,0,0.10352051950600673,0
2021-12-17,AAPL,0,0,0.13653193939691471,0
2021-12-20,AAPL,0,0,0.15610549435819254,0
2021-12-21,AAPL,0,1,0.3121669094014261,0
2021-12-22,AAPL,0,1,0.32196235415062113,0
2021-12-23,AAPL,0,1,0.22545790749063285,0
2021-12-27,AAPL,1,1,0.5574586150081358,1
2021-12-28,AAPL,1,1,0.61687062814226,1
2021-12-29,AAPL,1,1,0.6539469036168722,1
2021-12-30,AAPL,0,0,0.1930424124770965,0
2021-12-31,AAPL,0,0,0.28638297006203883,0
2022-01-03,AAPL,0,0,0.2676396114185163,0
2022-01-04,AAPL,0,0,0.22213346400487283,0
2022-01-05,AAPL,0,0,0.14571258709192972,0
2022-01-06,AAPL,0,0,0.1442003179834132,0
2022-01-07,AAPL,0,0,0.2376886653201604,0
2022-01-10,AAPL,0,0,0.1768078214138653,0
2022-01-11,AAPL,0,0,0.2665993315782514,0
2022-01-12,AAPL,0,0,0.21046715497584056,0
2022-01-13,AAPL,0,0,0.0752559288790609,0
2022-01-14,AAPL,0,0,0.12943237711109995,0
2022-01-18,AAPL,0,0,0.052613319567488666,0
2022-01-19,AAPL,0,0,0.04943392749726762,0
2022-01-20,AAPL,0,0,0.045706593918125336,0
2022-01-21,AAPL,0,0,0.07363076055952567,0
2022-01-24,AAPL,0,0,0.08481751664402411,0
2022-01-25,AAPL,0,0,0.08205122537468408,0
2022-01-26,AAPL,0,0,0.09516006144877834,0
2022-01-27,AAPL,0,0,0.08182174359121708,0
2022-01-28,AAPL,0,0,0.4385109204506845,0
2022-01-31,AAPL,0,0,0.45299008093979237,0
2022-02-01,AAPL,0,0,0.2141109655841298,0
2022-02-02,AAPL,0,0,0.20352529488733634,0
2022-02-03,AAPL,0,0,0.15260176688527635,0
2022-02-04,AAPL,0,0,0.1893100099645228,0
2022-02-07,AAPL,0,0,0.18756993758675058,0
2022-02-08,AAPL,0,0,0.18308733488882192,0
2022-02-09,AAPL,0,0,0.07630400978193352,0
2022-02-10,AAPL,0,0,0.06241188339418032,0
2022-02-11,AAPL,0,0,0.06287952378411468,0
2022-02-14,AAPL,0,0,0.12374678318913283,0
2022-02-15,AAPL,0,0,0.22687206125729256,0
2022-02-16,AAPL,0,0,0.1287669401149188,0
2022-02-17,AAPL,0,0,0.05117634714975175,0
2022-02-18,AAPL,0,0,0.10222648017611209,0
2022-02-22,AAPL,0,0,0.08667731972494176,0
2022-02-23,AAPL,0,0,0.05517162677338503,0
2022-02-24,AAPL,0,0,0.2623237671393545,0
2022-02-25,AAPL,0,0,0.20941249712320048,0
2022-02-28,AAPL,0,0,0.14431227937904825,0
2022-03-01,AAPL,0,0,0.09894241414684922,0
2022-03-02,AAPL,0,0,0.2961591883947701,0
2022-03-03,AAPL,0,0,0.1441571734266449,0
2022-03-04,AAPL,0,0,0.08489556101800994,0
2022-03-07,AAPL,0,0,0.09946943496828886,0
2022-03-08,AAPL,0,0,0.13158615925111752,0
2022-03-09,AAPL,0,0,0.28378484522302494,0
2022-03-10,AAPL,0,0,0.12180650596828146,0
2022-03-11,AAPL,0,0,0.10718667514986203,0
2022-03-14,AAPL,0,0,0.08285520721866409,0
2022-03-15,AAPL,0,0,0.28295977455658206,0
2022-03-16,AAPL,0,0,0.31140690190755926,0
2022-03-17,AAPL,0,0,0.24610545922056806,0
2022-03-18,AAPL,0,0,0.25326196071065515,0
2022-03-21,AAPL,0,0,0.18173540614580844,0
2022-03-22,AAPL,0,0,0.2234255050737804,0
2022-03-23,AAPL,0,0,0.13148738686887473,0
2022-03-24,AAPL,0,0,0.09756288676875001,0
2022-03-25,AAPL,0,0,0.05209246481894386,0
2022-03-28,AAPL,0,0,0.0932444128239873,0
2022-03-29,AAPL,0,0,0.13576443306157132,0
2022-03-30,AAPL,0,0,0.11627928675152589,0
2022-03-31,AAPL,0,0,0.10089062965201427,0
2022-04-01,AAPL,0,0,0.19531574739505841,0
2022-04-04,AAPL,0,0,0.15083544307222194,0
2022-04-05,AAPL,0,0,0.1515758689047433,0
2022-04-06,AAPL,0,0,0.17367401484076,0
2022-04-07,AAPL,0,0,0.2136085880475542,0
2022-04-08,AAPL,0,0,0.1236339438050686,0
2022-04-11,AAPL,0,0,0.0902685067268401,0
2022-04-12,AAPL,0,0,0.15914472963645346,0
2022-04-13,AAPL,0,0,0.159337663073197,0
2022-04-14,AAPL,0,0,0.09028668960819348,0
2022-04-18,AAPL,0,0,0.13966667994889706,0
2022-04-19,AAPL,0,0,0.20157393902895843,0
2022-04-20,AAPL,0,0,0.11381216210251109,0
2022-04-21,AAPL,0,0,0.11101424671544467,0
2022-04-22,AAPL,0,0,0.055602952774210054,0
2022-04-25,AAPL,0,0,0.19733472965003906,0
2022-04-26,AAPL,0,0,0.0951466078748842,0
2022-04-27,AAPL,0,0,0.13262770830298257,0
2022-04-28,AAPL,0,0,0.47172397712840175,1
2022-04-29,AAPL,0,0,0.10654055242591423,0
2022-05-02,AAPL,0,1,0.2303738221787114,0
2022-05-03,AAPL,0,1,0.23349166500791435,0
2022-05-04,AAPL,0,1,0.47951107119993813,1
2022-05-05,AAPL,1,1,0.214333550578603,0
2022-05-06,AAPL,1,1,0.28314837460522063,0
2022-05-09,AAPL,1,1,0.20890459969199057,0
2022-05-10,AAPL,0,0,0.3097046878209205,0
2022-05-11,AAPL,0,0,0.07419178847336058,0
2022-05-12,AAPL,0,0,0.050688069873129404,0
2022-05-13,AAPL,0,0,0.11092705883950406,0
2022-05-16,AAPL,0,0,0.10152475502885663,0
2022-05-17,AAPL,0,0,0.20373352913324094,0
2022-05-18,AAPL,0,0,0.0446692561596798,0
2022-05-19,AAPL,0,0,0.06159373335738749,0
2022-05-20,AAPL,0,0,0.10189102918449325,0
2022-05-23,AAPL,0,0,0.12750993254013676,0
2022-05-24,AAPL,0,0,0.07177087144051401,0
2022-05-25,AAPL,0,0,0.14268170661018376,0
2022-05-26,AAPL,0,0,0.18603044339186975,0
2022-05-27,AAPL,0,0,0.21961812341582482,0
2022-05-31,AAPL,0,0,0.14752401661308848,0
2022-06-01,AAPL,0,0,0.13348891478172972,0
2022-06-02,AAPL,0,0,0.11805175778661296,0
2022-06-03,AAPL,0,0,0.13317710035120278,0
2022-06-06,AAPL,0,0,0.19728337614358976,0
2022-06-07,AAPL,0,0,0.2262406900837133,0
2022-06-08,AAPL,0,0,0.12956547124166876,0
2022-06-09,AAPL,0,0,0.090546789003953,0
2022-06-10,AAPL,0,0,0.08861246819613774,0
2022-06-13,AAPL,0,0,0.07930588092265821,0
2022-06-14,AAPL,0,0,0.18894992139173988,0
2022-06-15,AAPL,0,0,0.22781675398334642,0
2022-06-16,AAPL,0,0,0.06474762761917348,0
2022-06-17,AAPL,0,0,0.13139428614347434,0
2022-06-21,AAPL,0,0,0.15758281128538626,0
2022-06-22,AAPL,0,0,0.1812821826973302,0
2022-06-23,AAPL,0,0,0.19660076670821103,0
2022-06-24,AAPL,0,0,0.19069653261830338,0
2022-06-27,AAPL,0,0,0.15807176288886732,0
2022-06-28,AAPL,0,0,0.0923159159356629,0
2022-06-29,AAPL,0,0,0.16013580355091647,0
2022-06-30,AAPL,0,0,0.14403322592659545,0
2022-07-01,AAPL,0,0,0.19126259524629827,0
2022-07-05,AAPL,0,0,0.1687897069087237,0
2022-07-06,AAPL,0,0,0.10990615483740448,0
2022-07-07,AAPL,0,0,0.12184899984675504,0
2022-07-08,AAPL,0,0,0.066198071052721,0
2022-07-11,AAPL,0,0,0.08893757520561704,0
2022-07-12,AAPL,0,0,0.08476360807025834,0
2022-07-13,AAPL,0,0,0.07365092705352717,0
2022-07-14,AAPL,0,0,0.11610145931991994,0
2022-07-15,AAPL,0,0,0.0924903731898128,0
2022-07-18,AAPL,0,0,0.07622599260311964,0
2022-07-19,AAPL,0,0,0.1398218840263919,0
2022-07-20,AAPL,0,0,0.07159312993157868,0
2022-07-21,AAPL,0,0,0.10278298346501463,0
2022-07-22,AAPL,0,0,0.06328080876293288,0
2022-07-25,AAPL,0,0,0.04480048780927414,0
2022-07-26,AAPL,0,0,0.09721232676220883,0
2022-07-27,AAPL,0,0,0.13314265574853554,0
2022-07-28,AAPL,0,0,0.06449093200062021,0
2022-07-29,AAPL,0,0,0.08204589770609419,0
2022-08-01,AAPL,0,0,0.0402825370639435,0
2022-08-02,AAPL,0,0,0.0384428516560247,0
2022-08-03,AAPL,0,0,0.08337558639778421,0
2022-08-04,AAPL,0,0,0.054352925649477926,0
2022-08-05,AAPL,0,0,0.05278419378394167,0
2022-08-08,AAPL,0,0,0.052471597363452444,0
2022-08-09,AAPL,0,0,0.04903869155332059,0
2022-08-10,AAPL,0,0,0.09402294287967508,0
2022-08-11,AAPL,0,0,0.05807808526523297,0
2022-08-12,AAPL,0,0,0.09676334115473999,0
2022-08-15,AAPL,0,0,0.053349029244802844,0
2022-08-16,AAPL,0,0,0.03873023147197753,0
2022-08-17,AAPL,0,0,0.04651675197817611,0
2022-08-18,AAPL,0,0,0.03783325252464822,0
2022-08-19,AAPL,0,0,0.05605566488314044,0
2022-08-22,AAPL,0,0,0.07955900878111119,0
2022-08-23,AAPL,0,0,0.11821135332833022,0
2022-08-24,AAPL,0,0,0.106293233259998,0
2022-08-25,AAPL,0,0,0.18042197399206827,0
2022-08-26,AAPL,0,0,0.06362521838476475,0
2022-08-29,AAPL,0,0,0.08123740517972769,0
2022-08-30,AAPL,0,0,0.06565236827359006,0
2022-08-31,AAPL,0,0,0.04899218394653633,0
2022-09-01,AAPL,0,0,0.08163985004128692,0
2022-09-02,AAPL,0,0,0.04837943574677562,0
2022-09-06,AAPL,0,0,0.06802795277810836,0
2022-09-07,AAPL,0,0,0.10912722431228884,0
2022-09-08,AAPL,0,0,0.054824858411248165,0
2022-09-09,AAPL,0,1,0.24337351159939685,0
2022-09-12,AAPL,0,1,0.45023591297522614,0
2022-09-13,AAPL,0,1,0.06875766000167817,0
2022-09-14,AAPL,1,1,0.5118788009267381,1
2022-09-15,AAPL,1,1,0.26524277677474944,0
2022-09-16,AAPL,1,1,0.20905757635968628,0
2022-09-19,AAPL,0,0,0.4322541717140268,0
2022-09-20,AAPL,0,0,0.2971328416041746,0
2022-09-21,AAPL,0,0,0.177306598134647,0
2022-09-22,AAPL,0,0,0.23188789346642452,0
2022-09-23,AAPL,0,0,0.21457994974022662,0
2022-09-26,AAPL,0,0,0.21838105944508499,0
2022-09-27,AAPL,0,0,0.25578016960242606,0
2022-09-28,AAPL,0,0,0.1702380904567742,0
2022-09-29,AAPL,0,0,0.06073928174461328,0
2022-09-30,AAPL,0,0,0.05425724706286093,0
2022-10-03,AAPL,0,0,0.2256180301990652,0
2022-10-04,AAPL,0,0,0.3230596808628794,0
2022-10-05,AAPL,0,0,0.255024447387521,0
2022-10-06,AAPL,0,0,0.2243362730332303,0
2022-10-07,AAPL,0,0,0.0780645595120588,0
2022-10-10,AAPL,0,0,0.21041531780322417,0
2022-10-11,AAPL,0,0,0.1434819041407056,0
2022-10-12,AAPL,0,0,0.19452920902873666,0
2022-10-13,AAPL,0,0,0.3321900135776164,0
2022-10-14,AAPL,0,0,0.10704872931065912,0
2022-10-17,AAPL,0,0,0.3288499021952531,0
2022-10-18,AAPL,0,0,0.2661012002879257,0
2022-10-19,AAPL,0,0,0.209345338616017,0
2022-10-20,AAPL,0,0,0.1857802138559545,0
2022-10-21,AAPL,0,0,0.21947846626325596,0
2022-10-24,AAPL,0,0,0.15067259911055803,0
2022-10-25,AAPL,0,0,0.10333524942487692,0
2022-10-26,AAPL,0,0,0.07491323641996947,0
2022-10-27,AAPL,0,0,0.1322533283830216,0
2022-10-28,AAPL,0,0,0.42225521162766383,0
2022-10-31,AAPL,0,0,0.0710140765768996,0
2022-11-01,AAPL,0,0,0.1254306012083658,0
2022-11-02,AAPL,0,0,0.17911436325811883,0
2022-11-03,AAPL,0,0,0.19536077456139195,0
2022-11-04,AAPL,0,0,0.4050154707120158,0
2022-11-07,AAPL,0,0,0.39522989111191276,0
2022-11-08,AAPL,0,0,0.40504239389993096,0
2022-11-09,AAPL,0,0,0.13371993161533133,0
2022-11-10,AAPL,0,0,0.5826217697503793,1
2022-11-11,AAPL,0,0,0.3621006176374178,0
2022-11-14,AAPL,0,0,0.3902664379594618,0
2022-11-15,AAPL,0,0,0.3052360981811616,0
2022-11-16,AAPL,0,0,0.271302708371881,0
2022-11-17,AAPL,0,0,0.2663914343172598,0
2022-11-18,AAPL,0,0,0.2019811639270822,0
2022-11-21,AAPL,0,0,0.25877340020312145,0
2022-11-22,AAPL,0,0,0.25166731084011107,0
2022-11-23,AAPL,0,0,0.11102105221960142,0
2022-11-25,AAPL,0,0,0.11735100740019822,0
2022-11-28,AAPL,0,0,0.11772799514482188,0
2022-11-29,AAPL,0,0,0.13613199628484987,0
2022-11-30,AAPL,0,0,0.4027281019321915,0
2022-12-01,AAPL,0,0,0.2291209710282021,0
2022-12-02,AAPL,0,0,0.2877726904782579,0
2022-12-05,AAPL,0,0,0.23969296178019164,0
2022-12-06,AAPL,0,0,0.17070807812752195,0
2022-12-07,AAPL,0,0,0.33701006694551267,0
2022-12-08,AAPL,0,0,0.4411529023423114,0
2022-12-09,AAPL,0,0,0.4176721655179203,0
2022-12-12,AAPL,0,0,0.5041944980563662,1
2022-12-13,AAPL,0,0,0.3817123317922722,0
2022-12-14,AAPL,0,0,0.23350869770430066,0
2022-12-15,AAPL,0,0,0.08711408166418681,0
2022-12-16,AAPL,0,0,0.16948269120863213,0
2022-12-19,AAPL,0,0,0.14671441700605706,0
2022-12-20,AAPL,0,0,0.22383212725864213,0
2022-12-21,AAPL,0,0,0.287825425206414,0
2022-12-22,AAPL,0,0,0.10704228055517476,0
2022-12-23,AAPL,0,0,0.2347731556466491,0
2022-12-27,AAPL,0,0,0.13241462516473188,0
2022-12-28,AAPL,0,0,0.05743610607643088,0
2022-12-29,AAPL,0,0,0.16494323132709174,0
2022-12-30,AAPL,0,0,0.21797284551219862,0
2023-01-03,AAPL,0,0,0.050916778053791745,0
2023-01-04,AAPL,0,0,0.19108250502975108,0
2023-01-05,AAPL,0,0,0.14390007140836383,0
2023-01-06,AAPL,0,0,0.3096809961717151,0
2023-01-09,AAPL,0,0,0.24114801695667437,0
2023-01-10,AAPL,0,0,0.21528934737489416,0
2023-01-11,AAPL,0,0,0.24048000486571994,0
2023-01-12,AAPL,0,0,0.1724308759580726,0
2023-01-13,AAPL,0,0,0.16017166245122272,0
2023-01-17,AAPL,0,0,0.12603949884619656,0
2023-01-18,AAPL,0,0,0.10405635023544993,0
2023-01-19,AAPL,0,0,0.11185291212523334,0
2023-01-20,AAPL,0,0,0.09693940062950814,0
2023-01-23,AAPL,0,0,0.1263264497559904,0
2023-01-24,AAPL,0,0,0.09666181070926344,0
2023-01-25,AAPL,0,0,0.06049765686199278,0
2023-01-26,AAPL,0,0,0.1177249941726008,0
2023-01-27,AAPL,0,0,0.04398983507628281,0
2023-01-30,AAPL,0,0,0.03659950802976404,0
2023-01-31,AAPL,0,0,0.06625066730711344,0
2023-02-01,AAPL,0,0,0.03646752516508975,0
2023-02-02,AAPL,0,0,0.09179735666786216,0
2023-02-03,AAPL,0,0,0.0590947023519538,0
2023-02-06,AAPL,0,0,0.041973181134368695,0
2023-02-07,AAPL,0,0,0.08802308646253751,0
2023-02-08,AAPL,0,0,0.04668181383398598,0
2023-02-09,AAPL,0,0,0.05333003437270074,0
2023-02-10,AAPL,0,0,0.08454171132797975,0
2023-02-13,AAPL,0,0,0.097958661932297,0
2023-02-14,AAPL,0,0,0.061444209620193826,0
2023-02-15,AAPL,0,0,0.08234391623461426,0
2023-02-16,AAPL,0,0,0.08713886416565941,0
2023-02-17,AAPL,0,0,0.14248477183111208,0
2023-02-21,AAPL,0,0,0.11771567716776303,0
2023-02-22,AAPL,0,0,0.2366755586579773,0
2023-02-23,AAPL,0,0,0.28637758765760507,0
2023-02-24,AAPL,0,0,0.15394889311813512,0
2023-02-27,AAPL,0,0,0.2934777341287718,0
2023-02-28,AAPL,0,0,0.21195356312650215,0
2023-03-01,AAPL,0,0,0.22178049764483324,0
2023-03-02,AAPL,0,0,0.28740412754912054,0
2023-03-03,AAPL,0,0,0.30547152878219624,0
2023-03-06,AAPL,0,0,0.17922203300865389,0
2023-03-07,AAPL,0,0,0.11528625991126239,0
2023-03-08,AAPL,0,0,0.15483268422891353,0
2023-03-09,AAPL,0,0,0.129419220864831,0
2023-03-10,AAPL,0,0,0.13700860090905786,0
2023-03-13,AAPL,0,0,0.1351597701053179,0
2023-03-14,AAPL,0,0,0.12236200670040748,0
2023-03-15,AAPL,0,0,0.08335243698087749,0
2023-03-16,AAPL,0,0,0.06486360276688817,0
2023-03-17,AAPL,0,0,0.05880509035198549,0
2023-03-20,AAPL,0,0,0.07007607894586126,0
2023-03-21,AAPL,0,0,0.04086017247721934,0
2023-03-22,AAPL,0,0,0.08534165612771655,0
2023-03-23,AAPL,0,0,0.06113360456689226,0
2023-03-24,AAPL,0,0,0.06425167674890989,0
2023-03-27,AAPL,0,0,0.06623131480389444,0
2023-03-28,AAPL,0,0,0.12956191502100622,0
2023-03-29,AAPL,0,0,0.09384326806069118,0
2023-03-30,AAPL,0,0,0.07279977494480296,0
2023-03-31,AAPL,0,0,0.0761750781255619,0
2023-04-03,AAPL,0,0,0.07988654077462372,0
2023-04-04,AAPL,0,0,0.06972871569908615,0
2023-04-05,AAPL,0,0,0.07443239373698923,0
2023-04-06,AAPL,0,0,0.09288469430772055,0
2023-04-10,AAPL,0,0,0.11286211663973757,0
2023-04-11,AAPL,0,0,0.12409699592447433,0
2023-04-12,AAPL,0,0,0.14375442627024823,0
2023-04-13,AAPL,0,0,0.1113156648947513,0
2023-04-14,AAPL,0,0,0.14865205048126828,0
2023-04-17,AAPL,0,0,0.17716730493763566,0
2023-04-18,AAPL,0,0,0.12262949578689462,0
2023-04-19,AAPL,0,0,0.09591314211288925,0
2023-04-20,AAPL,0,0,0.1360798535346779,0
2023-04-21,AAPL,0,0,0.1598921821456021,0
2023-04-24,AAPL,0,0,0.19057735727758116,0
2023-04-25,AAPL,0,0,0.1567409662333685,0
2023-04-26,AAPL,0,0,0.14465826859882827,0
2023-04-27,AAPL,0,0,0.08930394362111353,0
2023-04-28,AAPL,0,0,0.12389681719564415,0
2023-05-01,AAPL,0,0,0.13305453040918963,0
2023-05-02,AAPL,0,0,0.1917241225908849,0
2023-05-03,AAPL,0,0,0.19212188873782893,0
2023-05-04,AAPL,0,0,0.12866905333843834,0
2023-05-05,AAPL,0,0,0.10267519519535798,0
2023-05-08,AAPL,0,0,0.06357224125078707,0
2023-05-09,AAPL,0,0,0.08210060999259024,0
2023-05-10,AAPL,0,0,0.07742303167956416,0
2023-05-11,AAPL,0,0,0.08323127164084691,0
2023-05-12,AAPL,0,0,0.1343152259934951,0
2023-05-15,AAPL,0,0,0.16329899306210424,0
2023-05-16,AAPL,0,0,0.16547664868372078,0
2023-05-17,AAPL,0,0,0.1734479081786507,0
2023-05-18,AAPL,0,0,0.0931387962019637,0
2023-05-19,AAPL,0,0,0.242092632900056,0
2023-05-22,AAPL,0,0,0.31373632315045474,0
2023-05-23,AAPL,0,0,0.1752576016360187,0
2023-05-24,AAPL,0,0,0.32645842606351755,0
2023-05-25,AAPL,0,0,0.2527917787987949,0
2023-05-26,AAPL,0,0,0.15215719066413255,0
2023-05-30,AAPL,0,0,0.14335809078195424,0
2023-05-31,AAPL,0,0,0.14928199817280824,0
2023-06-01,AAPL,0,0,0.0862664803064049,0
2023-06-02,AAPL,0,0,0.09512696292190292,0
2023-06-05,AAPL,0,0,0.11386548727604225,0
2023-06-06,AAPL,0,0,0.14566694695834145,0
2023-06-07,AAPL,0,0,0.11808360393895145,0
2023-06-08,AAPL,0,0,0.07247880264737691,0
2023-06-09,AAPL,0,0,0.07633599783864609,0
2023-06-12,AAPL,0,0,0.02951216111688391,0
2023-06-13,AAPL,0,0,0.03654996647443762,0
2023-06-14,AAPL,0,0,0.023739150112218253,0
2023-06-15,AAPL,0,0,0.04388339867407321,0
2023-06-16,AAPL,0,0,0.0658792467882773,0
2023-06-20,AAPL,0,0,0.08302143619112985,0
2023-06-21,AAPL,0,0,0.12592582360221324,0
2023-06-22,AAPL,0,0,0.02943586663852989,0
2023-06-23,AAPL,0,0,0.04026473873848224,0
2023-06-26,AAPL,0,0,0.11588900116875399,0
2023-06-27,AAPL,0,0,0.046839303113247466,0
2023-06-28,AAPL,0,0,0.04751644379822422,0
2023-06-29,AAPL,0,0,0.04211464934776496,0
2023-06-30,AAPL,0,0,0.028911359146295675,0
2023-07-03,AAPL,0,0,0.046401513213705656,0
2023-07-05,AAPL,0,0,0.042290896301761575,0
2023-07-06,AAPL,0,0,0.04553803949517034,0
2023-07-07,AAPL,0,0,0.11804879440988107,0
2023-07-10,AAPL,0,0,0.11135037821436063,0
2023-07-11,AAPL,0,0,0.15140770405910192,0
2023-07-12,AAPL,0,0,0.18165808088580862,0
2023-07-13,AAPL,0,0,0.2201049432400157,0
2023-07-14,AAPL,0,0,0.18625721396170422,0
2023-07-17,AAPL,0,0,0.0829824603130255,0
2023-07-18,AAPL,0,0,0.14158281061855194,0
2023-07-19,AAPL,0,0,0.0932314826356211,0
2023-07-20,AAPL,0,0,0.1811994423644338,0
2023-07-21,AAPL,0,0,0.18352598274819745,0
2023-07-24,AAPL,0,0,0.20054076955586558,0
2023-07-25,AAPL,0,0,0.284686623909071,0
2023-07-26,AAPL,0,0,0.21535198135840308,0
2023-07-27,AAPL,0,0,0.20729686374432918,0
2023-07-28,AAPL,0,0,0.13106858866178236,0
2023-07-31,AAPL,0,0,0.20012864388423104,0
2023-08-01,AAPL,0,0,0.33169304696239044,0
2023-08-02,AAPL,0,0,0.12194819473817392,0
2023-08-03,AAPL,0,0,0.09919152342659282,0
2023-08-04,AAPL,0,0,0.04985415947277635,0
2023-08-07,AAPL,0,0,0.051856924808634845,0
2023-08-08,AAPL,0,0,0.10250328455559314,0
2023-08-09,AAPL,0,0,0.06629045015339008,0
2023-08-10,AAPL,0,0,0.10235061616400104,0
2023-08-11,AAPL,0,0,0.10061808295136251,0
2023-08-14,AAPL,0,0,0.12450394350485344,0
2023-08-15,AAPL,0,0,0.05965562840119907,0
2023-08-16,AAPL,0,0,0.07278153219868058,0
2023-08-17,AAPL,0,0,0.051836802225192706,0
2023-08-18,AAPL,0,0,0.07095107247652375,0
2023-08-21,AAPL,0,0,0.12554011869052875,0
2023-08-22,AAPL,0,0,0.14578664800657312,0
2023-08-23,AAPL,0,0,0.22527197372731878,0
2023-08-24,AAPL,0,0,0.05141095745873083,0
2023-08-25,AAPL,0,0,0.17592614451415284,0
2023-08-28,AAPL,0,0,0.1572370836777966,0
2023-08-29,AAPL,0,0,0.2520490709420888,0
2023-08-30,AAPL,0,0,0.17834566376095234,0
2023-08-31,AAPL,0,0,0.0614606062635727,0
2023-09-01,AAPL,0,0,0.05545607273188394,0
2023-09-05,AAPL,0,0,0.020759813437666516,0
2023-09-06,AAPL,0,0,0.06008632532084485,0
2023-09-07,AAPL,0,0,0.07247523656589985,0
2023-09-08,AAPL,0,0,0.13794763355810172,0
2023-09-11,AAPL,0,0,0.17169307786468083,0
2023-09-12,AAPL,0,0,0.08104228882244426,0
2023-09-13,AAPL,0,0,0.10050449638892936,0
2023-09-14,AAPL,0,0,0.16396055949993305,0
2023-09-15,AAPL,0,0,0.11484171644402631,0
2023-09-18,AAPL,0,0,0.24777186011147237,0
2023-09-19,AAPL,0,0,0.20156230949194254,0
2023-09-20,AAPL,0,0,0.08408507414623903,0
2023-09-21,AAPL,0,0,0.12323499144513238,0
2023-09-22,AAPL,0,0,0.12168472585696433,0
2023-09-25,AAPL,0,0,0.1352495484141537,0
2023-09-26,AAPL,0,0,0.04370645077711037,0
2023-09-27,AAPL,0,0,0.07588109301865419,0
2023-09-28,AAPL,0,0,0.10433862123607468,0
2023-09-29,AAPL,0,0,0.10312413462042082,0
2023-10-02,AAPL,0,0,0.16188169588050833,0
2023-10-03,AAPL,0,0,0.07626728161641395,0
2023-10-04,AAPL,0,0,0.11665079078174685,0
2023-10-05,AAPL,0,0,0.10103649784962071,0
2023-10-06,AAPL,0,0,0.09404763268492591,0
2023-10-09,AAPL,0,0,0.09280450142151787,0
2023-10-10,AAPL,0,0,0.03986238650805371,0
2023-10-11,AAPL,0,0,0.07762263087394994,0
2023-10-12,AAPL,0,0,0.047893513768039866,0
2023-10-13,AAPL,0,0,0.03576441494420049,0
2023-10-16,AAPL,0,0,0.053355229055610943,0
2023-10-17,AAPL,0,0,0.04927391509337837,0
2023-10-18,AAPL,0,0,0.05938990012653921,0
2023-10-19,AAPL,0,0,0.08628242201246691,0
2023-10-20,AAPL,0,0,0.08766457659905294,0
2023-10-23,AAPL,0,0,0.17605190882266672,0
2023-10-24,AAPL,0,0,0.2509656821947674,0
2023-10-25,AAPL,0,0,0.1444944404658103,0
2023-10-26,AAPL,0,0,0.04610115972432029,0
2023-10-27,AAPL,0,0,0.16233209886279848,0
2023-10-30,AAPL,0,0,0.15049388605568687,0
2023-10-31,AAPL,0,0,0.12410886884882427,0
2023-11-01,AAPL,0,0,0.2229299093457354,0
2023-11-02,AAPL,0,0,0.25800509937870214,0
2023-11-03,AAPL,0,0,0.07954261243139597,0
2023-11-06,AAPL,0,0,0.12447750238343955,0
2023-11-07,AAPL,0,0,0.06882640960762144,0
2023-11-08,AAPL,0,0,0.05589220269495298,0
2023-11-09,AAPL,0,0,0.03460904525108383,0
2023-11-10,AAPL,0,0,0.052468195658160265,0
2023-11-13,AAPL,0,0,0.033742436038330936,0
2023-11-14,AAPL,0,0,0.04530950154253064,0
2023-11-15,AAPL,0,0,0.02652563347242191,0
2023-11-16,AAPL,0,0,0.04992921437474875,0
2023-11-17,AAPL,0,0,0.04066545312607584,0
2023-11-20,AAPL,0,0,0.057956158126030506,0
2023-11-21,AAPL,0,0,0.045543867872099866,0
2023-11-22,AAPL,0,0,0.055034808487586254,0
2023-11-24,AAPL,0,0,0.06854399940991547,0
2023-11-27,AAPL,0,0,0.12422338582319363,0
2023-11-28,AAPL,0,0,0.11548960494088857,0
2023-11-29,AAPL,0,0,0.20363104964321285,0
2023-11-30,AAPL,0,0,0.23107385396131547,0
2023-12-01,AAPL,0,0,0.21718830097394615,0
2023-12-04,AAPL,0,0,0.20962934345915726,0
2023-12-05,AAPL,0,0,0.08036221461104892,0
2023-12-06,AAPL,0,0,0.17494473362675908,0
2023-12-07,AAPL,0,0,0.13096966345755626,0
2023-12-08,AAPL,0,0,0.08712015230680825,0
2023-12-11,AAPL,0,0,0.11044286429178143,0
2023-12-12,AAPL,0,0,0.12925147787799418,0
2023-12-13,AAPL,0,0,0.029800931361705606,0
2023-12-14,AAPL,0,0,0.024572165171269065,0
2023-12-15,AAPL,0,0,0.04594473176926406,0
2023-12-18,AAPL,0,0,0.10316782554378498,0
2023-12-19,AAPL,0,0,0.17973247584644927,0
2023-12-20,AAPL,0,0,0.14320561823676523,0
2023-12-21,AAPL,0,0,0.2016842700802577,0
2023-12-22,AAPL,0,0,0.21049710325088378,0
2023-12-26,AAPL,0,0,0.15649376392190747,0
2023-12-27,AAPL,0,0,0.2554412631937363,0
2023-12-28,AAPL,0,0,0.3013447986843138,0
2023-12-29,AAPL,0,0,0.23098413805041212,0
2021-11-26,AMZN,0,0,0.12765992615254626,0
2021-11-29,AMZN,0,0,0.24718107151134977,0
2021-11-30,AMZN,0,0,0.10042464223209789,0
2021-12-01,AMZN,0,0,0.09890063025915026,0
2021-12-02,AMZN,0,0,0.14725595504259098,0
2021-12-03,AMZN,0,0,0.08555238977995182,0
2021-12-06,AMZN,0,0,0.1629982051207932,0
2021-12-07,AMZN,0,0,0.30951429518160484,0
2021-12-08,AMZN,0,0,0.14658590172007951,0
2021-12-09,AMZN,0,0,0.10681182404689549,0
2021-12-10,AMZN,0,0,0.11342463960517833,0
2021-12-13,AMZN,0,0,0.09668532688363636,0
2021-12-14,AMZN,0,0,0.14746623413100804,0
2021-12-15,AMZN,0,0,0.4408429745386343,0
2021-12-16,AMZN,0,0,0.14496696566537942,0
2021-12-17,AMZN,0,0,0.23607363488751645,0
2021-12-20,AMZN,0,0,0.12226815618769377,0
2021-12-21,AMZN,0,1,0.32587960115941683,0
2021-12-22,AMZN,0,1,0.1912627974575317,0
2021-12-23,AMZN,0,1,0.1578896885018402,0
2021-12-27,AMZN,1,1,0.79482839516689,1
2021-12-28,AMZN,1,1,0.8917629750506163,1
2021-12-29,AMZN,1,1,0.8694951235615406,1
2021-12-30,AMZN,0,0,0.15413162622001875,0
2021-12-31,AMZN,0,0,0.10299646846875522,0
2022-01-03,AMZN,0,0,0.17478909878013765,0
2022-01-04,AMZN,0,0,0.08602076656544848,0
2022-01-05,AMZN,0,0,0.08112039635633976,0
2022-01-06,AMZN,0,0,0.12691446745892848,0
2022-01-07,AMZN,0,0,0.13757529728117138,0
2022-01-10,AMZN,0,0,0.11812271081151988,0
2022-01-11,AMZN,0,0,0.18833053869287178,0
2022-01-12,AMZN,0,0,0.1317663020150465,0
2022-01-13,AMZN,0,0,0.06432779347448649,0
2022-01-14,AMZN,0,0,0.13774429315746742,0
2022-01-18,AMZN,0,0,0.09507859332192824,0
2022-01-19,AMZN,0,0,0.10952599583502189,0
2022-01-20,AMZN,0,0,0.06907716813581061,0
2022-01-21,AMZN,0,0,0.04636285059288037,0
2022-01-24,AMZN,0,0,0.12904413148489827,0
2022-01-25,AMZN,0,0,0.04840910620702505,0
2022-01-26,AMZN,0,0,0.08321978940105629,0
2022-01-27,AMZN,0,0,0.11331408957199815,0
2022-01-28,AMZN,0,0,0.09689497928083785,0
2022-01-31,AMZN,0,0,0.2056747016791876,0
2022-02-01,AMZN,0,0,0.2127199286621561,0
2022-02-02,AMZN,0,0,0.16367253712701693,0
2022-02-03,AMZN,0,0,0.06374145297771876,0
2022-02-04,AMZN,0,0,0.21584572240303682,0
2022-02-07,AMZN,0,0,0.06610140596707831,0
2022-02-08,AMZN,0,0,0.05045223194976571,0
2022-02-09,AMZN,0,0,0.0756141784623139,0
2022-02-10,AMZN,0,0,0.10414133329782116,0
2022-02-11,AMZN,0,0,0.19039435798491047,0
2022-02-14,AMZN,0,0,0.11585710147685017,0
2022-02-15,AMZN,0,0,0.09993938381867234,0
2022-02-16,AMZN,0,0,0.09380680062786073,0
2022-02-17,AMZN,0,0,0.3134276437816987,0
2022-02-18,AMZN,0,0,0.15647100811127446,0
2022-02-22,AMZN,0,0,0.16394770647108436,0
2022-02-23,AMZN,0,0,0.08864599286057372,0
2022-02-24,AMZN,0,0,0.2977751149885613,0
2022-02-25,AMZN,0,0,0.41024205632861926,0
2022-02-28,AMZN,0,0,0.31451808534141146,0
2022-03-01,AMZN,0,0,0.28686873891050946,0
2022-03-02,AMZN,0,0,0.3705734191219547,0
2022-03-03,AMZN,0,0,0.19010196555990816,0
2022-03-04,AMZN,0,0,0.28223256940237423,0
2022-03-07,AMZN,0,0,0.09009910770608175,0
2022-03-08,AMZN,0,0,0.09760353642066512,0
2022-03-09,AMZN,0,0,0.16560540013910213,0
2022-03-10,AMZN,0,0,0.3464138133220621,0
2022-03-11,AMZN,0,0,0.24193676339104173,0
2022-03-14,AMZN,0,0,0.10064332504467632,0
2022-03-15,AMZN,0,0,0.3919239889191231,0
2022-03-16,AMZN,0,0,0.38898488847962737,0
2022-03-17,AMZN,0,0,0.24861401488822954,0
2022-03-18,AMZN,0,0,0.13797569291634976,0
2022-03-21,AMZN,0,0,0.07748283409724895,0
2022-03-22,AMZN,0,0,0.07488183055988952,0
2022-03-23,AMZN,0,0,0.049394933883389266,0
2022-03-24,AMZN,0,0,0.05714927586542553,0
2022-03-25,AMZN,0,0,0.06598063145191506,0
2022-03-28,AMZN,0,0,0.0968123391200334,0
2022-03-29,AMZN,0,0,0.07278921933673589,0
2022-03-30,AMZN,0,0,0.08636492739209391,0
2022-03-31,AMZN,0,0,0.10852730401277891,0
2022-04-01,AMZN,0,0,0.13986379320304404,0
2022-04-04,AMZN,0,0,0.16419894910130683,0
2022-04-05,AMZN,0,0,0.11961852350567258,0
2022-04-06,AMZN,0,0,0.11546823178395385,0
2022-04-07,AMZN,0,0,0.21363383171188402,0
2022-04-08,AMZN,0,0,0.15180986242067598,0
2022-04-11,AMZN,0,0,0.11344084659028707,0
2022-04-12,AMZN,0,0,0.14343690331759168,0
2022-04-13,AMZN,0,0,0.3436212501204204,0
2022-04-14,AMZN,0,0,0.1498263575248111,0
2022-04-18,AMZN,0,0,0.29269828001273257,0
2022-04-19,AMZN,0,0,0.49488358396212323,1
2022-04-20,AMZN,0,0,0.18746494444940073,0
2022-04-21,AMZN,0,0,0.1498107372593121,0
2022-04-22,AMZN,0,0,0.12045461251445659,0
2022-04-25,AMZN,0,0,0.27884084534600256,0
2022-04-26,AMZN,0,0,0.07989978815622517,0
2022-04-27,AMZN,0,0,0.13760861776185268,0
2022-04-28,AMZN,0,0,0.1485504890552967,0
2022-04-29,AMZN,0,0,0.030017565401227988,0
2022-05-02,AMZN,0,1,0.02654488370774878,0
2022-05-03,AMZN,0,1,0.023418268720668677,0
2022-05-04,AMZN,0,1,0.017303349076786375,0
2022-05-05,AMZN,1,1,0.15277723454873804,0
2022-05-06,AMZN,1,1,0.16079785904456165,0
2022-05-09,AMZN,1,1,0.15034992626095114,0
2022-05-10,AMZN,0,0,0.021712052249478364,0
2022-05-11,AMZN,0,0,0.009438608241551774,0
2022-05-12,AMZN,0,0,0.017031796434555203,0
2022-05-13,AMZN,0,0,0.012966283808347563,0
2022-05-16,AMZN,0,0,0.005747754186433466,0
2022-05-17,AMZN,0,0,0.03838936216453996,0
2022-05-18,AMZN,0,0,0.0016380369762994539,0
2022-05-19,AMZN,0,0,0.017381865810517014,0
2022-05-20,AMZN,0,0,0.018378350391333727,0
2022-05-23,AMZN,0,0,0.026113216495172956,0
2022-05-24,AMZN,0,0,0.011424141020448744,0
2022-05-25,AMZN,0,0,0.04074803710753146,0
2022-05-26,AMZN,0,0,0.09205044600564853,0
2022-05-27,AMZN,0,0,0.11675602420330537,0
2022-05-31,AMZN,0,0,0.09983429702843026,0
2022-06-01,AMZN,0,0,0.06893465996537583,0
2022-06-02,AMZN,0,0,0.08381637260926553,0
2022-06-03,AMZN,0,0,0.031128487099530696,0
2022-06-06,AMZN,0,0,0.022076905918519064,0
2022-06-07,AMZN,0,0,0.06287493782243417,0
2022-06-08,AMZN,0,0,0.05024980822323452,0
2022-06-09,AMZN,0,0,0.042898844803692895,0
2022-06-10,AMZN,0,0,0.05790925822634654,0
2022-06-13,AMZN,0,0,0.04838477967641143,0
2022-06-14,AMZN,0,0,0.04691464581669169,0
2022-06-15,AMZN,0,0,0.0664498005496651,0
2022-06-16,AMZN,0,0,0.0488954463996382,0
2022-06-17,AMZN,0,0,0.09976044688931457,0
2022-06-21,AMZN,0,0,0.11813424994270846,0
2022-06-22,AMZN,0,0,0.13642238137608373,0
2022-06-23,AMZN,0,0,0.11138567847297319,0
2022-06-24,AMZN,0,0,0.11985631304333445,0
2022-06-27,AMZN,0,0,0.11583078900619234,0
2022-06-28,AMZN,0,0,0.09022181413232927,0
2022-06-29,AMZN,0,0,0.13460354100152558,0
2022-06-30,AMZN,0,0,0.12529041109529826,0
2022-07-01,AMZN,0,0,0.1617615719641843,0
2022-07-05,AMZN,0,0,0.13651603281987107,0
2022-07-06,AMZN,0,0,0.0881869997372871,0
2022-07-07,AMZN,0,0,0.10062440574835065,0
2022-07-08,AMZN,0,0,0.12103946487605777,0
2022-07-11,AMZN,0,0,0.2013874290191902,0
2022-07-12,AMZN,0,0,0.23522672685811458,0
2022-07-13,AMZN,0,0,0.2668712160366335,0
2022-07-14,AMZN,0,0,0.26888300905404233,0
2022-07-15,AMZN,0,0,0.3174551436104732,0
2022-07-18,AMZN,0,0,0.22698468284892,0
2022-07-19,AMZN,0,0,0.23210689465498338,0
2022-07-20,AMZN,0,0,0.1858367949389066,0
2022-07-21,AMZN,0,0,0.09907589838405118,0
2022-07-22,AMZN,0,0,0.08871445813253308,0
2022-07-25,AMZN,0,0,0.06501748672503277,0
2022-07-26,AMZN,0,0,0.11395685856020236,0
2022-07-27,AMZN,0,0,0.36068662127155354,0
2022-07-28,AMZN,0,0,0.09769590652825069,0
2022-07-29,AMZN,0,0,0.48636667853109344,1
2022-08-01,AMZN,0,0,0.0498776885559589,0
2022-08-02,AMZN,0,0,0.03730277754968077,0
2022-08-03,AMZN,0,0,0.3038699076947492,0
2022-08-04,AMZN,0,0,0.09657857334306093,0
2022-08-05,AMZN,0,0,0.0866066728058304,0
2022-08-08,AMZN,0,0,0.06914564618531081,0
2022-08-09,AMZN,0,0,0.04823893391480632,0
2022-08-10,AMZN,0,0,0.04032017091852441,0
2022-08-11,AMZN,0,0,0.026805410928585106,0
2022-08-12,AMZN,0,0,0.030735382990942278,0
2022-08-15,AMZN,0,0,0.03274654376539284,0
2022-08-16,AMZN,0,0,0.031702423728044334,0
2022-08-17,AMZN,0,0,0.06797712411600255,0
2022-08-18,AMZN,0,0,0.12865101281354546,0
2022-08-19,AMZN,0,0,0.08301405369141897,0
2022-08-22,AMZN,0,0,0.07458468791323608,0
2022-08-23,AMZN,0,0,0.18060695343277555,0
2022-08-24,AMZN,0,0,0.2226911740250955,0
2022-08-25,AMZN,0,0,0.30657244610358153,0
2022-08-26,AMZN,0,0,0.08411652613915824,0
2022-08-29,AMZN,0,0,0.17184958926916183,0
2022-08-30,AMZN,0,0,0.14312410417610164,0
2022-08-31,AMZN,0,0,0.11817494150873299,0
2022-09-01,AMZN,0,0,0.2070715809402161,0
2022-09-02,AMZN,0,0,0.162742074531147,0
2022-09-06,AMZN,0,0,0.16158617523768337,0
2022-09-07,AMZN,0,0,0.38056802160572195,0
2022-09-08,AMZN,0,0,0.27467762189984063,0
2022-09-09,AMZN,0,1,0.46202307788477487,1
2022-09-12,AMZN,0,1,0.3195238626399456,0
2022-09-13,AMZN,0,1,0.15579703084376328,0
2022-09-14,AMZN,1,1,0.8081847809315431,1
2022-09-15,AMZN,1,1,0.602920207040817,1
2022-09-16,AMZN,1,1,0.3296781239438067,0
2022-09-19,AMZN,0,0,0.42865836205671815,0
2022-09-20,AMZN,0,0,0.24444465273144994,0
2022-09-21,AMZN,0,0,0.1103981740529505,0
2022-09-22,AMZN,0,0,0.19742630129977617,0
2022-09-23,AMZN,0,0,0.05230397969140247,0
2022-09-26,AMZN,0,0,0.13826975968880983,0
2022-09-27,AMZN,0,0,0.0970393557716474,0
2022-09-28,AMZN,0,0,0.17883453704527658,0
2022-09-29,AMZN,0,0,0.04746975293006376,0
2022-09-30,AMZN,0,0,0.07196438115143418,0
2022-10-03,AMZN,0,0,0.20628372849195392,0
2022-10-04,AMZN,0,0,0.29417011195355075,0
2022-10-05,AMZN,0,0,0.1677241035472394,0
2022-10-06,AMZN,0,0,0.1646229307018442,0
2022-10-07,AMZN,0,0,0.07483025403897711,0
2022-10-10,AMZN,0,0,0.25804072356635016,0
2022-10-11,AMZN,0,0,0.2906508242237461,0
2022-10-12,AMZN,0,0,0.3904807393835793,0
2022-10-13,AMZN,0,0,0.2961457361412274,0
2022-10-14,AMZN,0,0,0.11495123639833164,0
2022-10-17,AMZN,0,0,0.2942444405789044,0
2022-10-18,AMZN,0,0,0.3763809415175183,0
2022-10-19,AMZN,0,0,0.2926045260308523,0
2022-10-20,AMZN,0,0,0.2639588658955149,0
2022-10-21,AMZN,0,0,0.3397053822109565,0
2022-10-24,AMZN,0,0,0.23914282160187952,0
2022-10-25,AMZN,0,0,0.18631867400196525,0
2022-10-26,AMZN,0,0,0.21050536879387555,0
2022-10-27,AMZN,0,0,0.17883488354799482,0
2022-10-28,AMZN,0,0,0.10051056942867019,0
2022-10-31,AMZN,0,0,0.11333768440897704,0
2022-11-01,AMZN,0,0,0.03841371849980083,0
2022-11-02,AMZN,0,0,0.0038869571866671977,0
2022-11-03,AMZN,0,0,0.005944269958469888,0
2022-11-04,AMZN,0,0,0.02097533059291435,0
2022-11-07,AMZN,0,0,0.012571241279601502,0
2022-11-08,AMZN,0,0,0.013567725860418217,0
2022-11-09,AMZN,0,0,0.0053119571633783525,0
2022-11-10,AMZN,0,0,0.05017226396281651,0
2022-11-11,AMZN,0,0,0.03939908803823393,0
2022-11-14,AMZN,0,0,0.02731293360068518,0
2022-11-15,AMZN,0,0,0.030515733698649624,0
2022-11-16,AMZN,0,0,0.04397249001134047,0
2022-11-17,AMZN,0,0,0.01760506946509177,0
2022-11-18,AMZN,0,0,0.04178374797602544,0
2022-11-21,AMZN,0,0,0.044437206320090634,0
2022-11-22,AMZN,0,0,0.05201034007077438,0
2022-11-23,AMZN,0,0,0.054772331880786757,0
2022-11-25,AMZN,0,0,0.06002273230395197,0
2022-11-28,AMZN,0,0,0.06948549296987983,0
2022-11-29,AMZN,0,0,0.045854410987215134,0
2022-11-30,AMZN,0,0,0.12851615556001425,0
2022-12-01,AMZN,0,0,0.09811962971788421,0
2022-12-02,AMZN,0,0,0.17661052204230893,0
2022-12-05,AMZN,0,0,0.06508166508204156,0
2022-12-06,AMZN,0,0,0.08070569424823915,0
2022-12-07,AMZN,0,0,0.15410639555369512,0
2022-12-08,AMZN,0,0,0.21030978712200282,0
2022-12-09,AMZN,0,0,0.2668698196654768,0
2022-12-12,AMZN,0,0,0.3339923269383939,0
2022-12-13,AMZN,0,0,0.32052827188342436,0
2022-12-14,AMZN,0,0,0.23787106063675242,0
2022-12-15,AMZN,0,0,0.14839310490763502,0
2022-12-16,AMZN,0,0,0.2717110284550523,0
2022-12-19,AMZN,0,0,0.09589400785994573,0
2022-12-20,AMZN,0,0,0.18058704791038616,0
2022-12-21,AMZN,0,0,0.2252372067557829,0
2022-12-22,AMZN,0,0,0.07977194996400273,0
2022-12-23,AMZN,0,0,0.22311931957158224,0
2022-12-27,AMZN,0,0,0.07026447800063988,0
2022-12-28,AMZN,0,0,0.09221643111082797,0
2022-12-29,AMZN,0,0,0.16531187147890006,0
2022-12-30,AMZN,0,0,0.2671998811599652,0
2023-01-03,AMZN,0,0,0.28357784663509533,0
2023-01-04,AMZN,0,0,0.20480220228651297,0
2023-01-05,AMZN,0,0,0.1623268097063276,0
2023-01-06,AMZN,0,0,0.3744277003405323,0
2023-01-09,AMZN,0,0,0.2242143027795366,0
2023-01-10,AMZN,0,0,0.17434491856057419,0
2023-01-11,AMZN,0,0,0.19928942608781697,0
2023-01-12,AMZN,0,0,0.06358988164548743,0
2023-01-13,AMZN,0,0,0.11272251525330702,0
2023-01-17,AMZN,0,0,0.03819392086928811,0
2023-01-18,AMZN,0,0,0.0456873528339946,0
2023-01-19,AMZN,0,0,0.04509560865858991,0
2023-01-20,AMZN,0,0,0.09532569585482166,0
2023-01-23,AMZN,0,0,0.042795096668648856,0
2023-01-24,AMZN,0,0,0.06178642734241508,0
2023-01-25,AMZN,0,0,0.09035271674414698,0
2023-01-26,AMZN,0,0,0.1131410674105141,0
2023-01-27,AMZN,0,0,0.0901587984911358,0
2023-01-30,AMZN,0,0,0.06750021865739433,0
2023-01-31,AMZN,0,0,0.09381723429307806,0
2023-02-01,AMZN,0,0,0.07171858809056336,0
2023-02-02,AMZN,0,0,0.39586509162546696,0
2023-02-03,AMZN,0,0,0.29862057908051637,0
2023-02-06,AMZN,0,0,0.1398348475877108,0
2023-02-07,AMZN,0,0,0.11786351371978268,0
2023-02-08,AMZN,0,0,0.1452166272138187,0
2023-02-09,AMZN,0,0,0.14490144844982278,0
2023-02-10,AMZN,0,0,0.1736988023368043,0
2023-02-13,AMZN,0,0,0.20886336289159949,0
2023-02-14,AMZN,0,0,0.20593280050672036,0
2023-02-15,AMZN,0,0,0.289040443551182,0
2023-02-16,AMZN,0,0,0.10786083995027577,0
2023-02-17,AMZN,0,0,0.1741638373843452,0
2023-02-21,AMZN,0,0,0.09595811904566197,0
2023-02-22,AMZN,0,0,0.25612024276314416,0
2023-02-23,AMZN,0,0,0.21715316439441712,0
2023-02-24,AMZN,0,0,0.08064497524099361,0
2023-02-27,AMZN,0,0,0.19111518963675658,0
2023-02-28,AMZN,0,0,0.22136576471115674,0
2023-03-01,AMZN,0,0,0.08751059142261525,0
2023-03-02,AMZN,0,0,0.1755893283186775,0
2023-03-03,AMZN,0,0,0.4355100578945988,0
2023-03-06,AMZN,0,0,0.2257534558669468,0
2023-03-07,AMZN,0,0,0.264286273781076,0
2023-03-08,AMZN,0,0,0.28789817598093,0
2023-03-09,AMZN,0,0,0.13924357762184983,0
2023-03-10,AMZN,0,0,0.1383361202307752,0
2023-03-13,AMZN,0,0,0.31259722602992296,0
2023-03-14,AMZN,0,0,0.39855650537106385,0
2023-03-15,AMZN,0,0,0.2170384335503338,0
2023-03-16,AMZN,0,0,0.1882034243914939,0
2023-03-17,AMZN,0,0,0.09629665902953331,0
2023-03-20,AMZN,0,0,0.11679296177146799,0
2023-03-21,AMZN,0,0,0.174557560284502,0
2023-03-22,AMZN,0,0,0.07525493440449385,0
2023-03-23,AMZN,0,0,0.142226785425557,0
2023-03-24,AMZN,0,0,0.13904061322313668,0
2023-03-27,AMZN,0,0,0.17813387336240497,0
2023-03-28,AMZN,0,0,0.1791430130249695,0
2023-03-29,AMZN,0,0,0.19006813356376032,0
2023-03-30,AMZN,0,0,0.1356247069611663,0
2023-03-31,AMZN,0,0,0.08417897272343232,0
2023-04-03,AMZN,0,0,0.07377857242154594,0
2023-04-04,AMZN,0,0,0.11399094248850851,0
2023-04-05,AMZN,0,0,0.14513163308973015,0
2023-04-06,AMZN,0,0,0.18328035101016862,0
2023-04-10,AMZN,0,0,0.13894525418573753,0
2023-04-11,AMZN,0,0,0.1161594892428032,0
2023-04-12,AMZN,0,0,0.1497907371566473,0
2023-04-13,AMZN,0,0,0.36888848126140383,0
2023-04-14,AMZN,0,0,0.2903107952978935,0
2023-04-17,AMZN,0,0,0.2983577777089758,0
2023-04-18,AMZN,0,0,0.27728751992750894,0
2023-04-19,AMZN,0,0,0.21601990972501203,0
2023-04-20,AMZN,0,0,0.14839695117665072,0
2023-04-21,AMZN,0,0,0.17462123239217794,0
2023-04-24,AMZN,0,0,0.1107514400190722,0
2023-04-25,AMZN,0,0,0.1613344742603837,0
2023-04-26,AMZN,0,0,0.23127037786131202,0
2023-04-27,AMZN,0,0,0.1490148460098307,0
2023-04-28,AMZN,0,0,0.189990883218444,0
2023-05-01,AMZN,0,0,0.16947971580412502,0
2023-05-02,AMZN,0,0,0.2694189891622218,0
2023-05-03,AMZN,0,0,0.26660769656736766,0
2023-05-04,AMZN,0,0,0.2604063287151133,0
2023-05-05,AMZN,0,0,0.32527228038835887,0
2023-05-08,AMZN,0,0,0.26830199741639654,0
2023-05-09,AMZN,0,0,0.25796575165742924,0
2023-05-10,AMZN,0,0,0.20436702100250811,0
2023-05-11,AMZN,0,0,0.15068678491907306,0
2023-05-12,AMZN,0,0,0.10644001317970653,0
2023-05-15,AMZN,0,0,0.1401090726540151,0
2023-05-16,AMZN,0,0,0.14988899306553993,0
2023-05-17,AMZN,0,0,0.14937867998166654,0
2023-05-18,AMZN,0,0,0.11979913002255387,0
2023-05-19,AMZN,0,0,0.06781171365964325,0
2023-05-22,AMZN,0,0,0.07385330907176592,0
2023-05-23,AMZN,0,0,0.09728608916392827,0
2023-05-24,AMZN,0,0,0.1688673547205699,0
2023-05-25,AMZN,0,0,0.13881389058217902,0
2023-05-26,AMZN,0,0,0.15553888071138763,0
2023-05-30,AMZN,0,0,0.05531728614385466,0
2023-05-31,AMZN,0,0,0.04691003129508436,0
2023-06-01,AMZN,0,0,0.08468709369037132,0
2023-06-02,AMZN,0,0,0.07439208111846707,0
2023-06-05,AMZN,0,0,0.05760646668651186,0
2023-06-06,AMZN,0,0,0.06420500788639524,0
2023-06-07,AMZN,0,0,0.11347087931549141,0
2023-06-08,AMZN,0,0,0.2013980176993897,0
2023-06-09,AMZN,0,0,0.10787990198123412,0
2023-06-12,AMZN,0,0,0.15279691088278907,0
2023-06-13,AMZN,0,0,0.0898628799393742,0
2023-06-14,AMZN,0,0,0.11441406695961613,0
2023-06-15,AMZN,0,0,0.14149876423241067,0
2023-06-16,AMZN,0,0,0.14978879723535773,0
2023-06-20,AMZN,0,0,0.2242557337948026,0
2023-06-21,AMZN,0,0,0.18121265409527842,0
2023-06-22,AMZN,0,0,0.1745946912459141,0
2023-06-23,AMZN,0,0,0.13153724178234302,0
2023-06-26,AMZN,0,0,0.1798085786445155,0
2023-06-27,AMZN,0,0,0.2644674546342389,0
2023-06-28,AMZN,0,0,0.1609951015598109,0
2023-06-29,AMZN,0,0,0.22639492719822793,0
2023-06-30,AMZN,0,0,0.2448372546344267,0
2023-07-03,AMZN,0,0,0.18238223062356743,0
2023-07-05,AMZN,0,0,0.18128130555077732,0
2023-07-06,AMZN,0,0,0.1656793913281425,0
2023-07-07,AMZN,0,0,0.29457934022487253,0
2023-07-10,AMZN,0,0,0.1702154639043261,0
2023-07-11,AMZN,0,0,0.28597066020538464,0
2023-07-12,AMZN,0,0,0.22247919010009695,0
2023-07-13,AMZN,0,0,0.12605615638069928,0
2023-07-14,AMZN,0,0,0.08200262600607787,0
2023-07-17,AMZN,0,0,0.10209926644512551,0
2023-07-18,AMZN,0,0,0.15012832375407287,0
2023-07-19,AMZN,0,0,0.11588076281664383,0
2023-07-20,AMZN,0,0,0.14573352571890452,0
2023-07-21,AMZN,0,0,0.1413556860512755,0
2023-07-24,AMZN,0,0,0.15311961661117185,0
2023-07-25,AMZN,0,0,0.17684622655810275,0
2023-07-26,AMZN,0,0,0.1385563063309316,0
2023-07-27,AMZN,0,0,0.16935899033619156,0
2023-07-28,AMZN,0,0,0.24397291113888542,0
2023-07-31,AMZN,0,0,0.15137656022686194,0
2023-08-01,AMZN,0,0,0.13429996646654643,0
2023-08-02,AMZN,0,0,0.11162547085104182,0
2023-08-03,AMZN,0,0,0.2531532213779963,0
2023-08-04,AMZN,0,0,0.2569100243350962,0
2023-08-07,AMZN,0,0,0.09605451740647203,0
2023-08-08,AMZN,0,0,0.07532565584941305,0
2023-08-09,AMZN,0,0,0.09422743597590988,0
2023-08-10,AMZN,0,0,0.10248727707343207,0
2023-08-11,AMZN,0,0,0.10840728551993441,0
2023-08-14,AMZN,0,0,0.11067824585481278,0
2023-08-15,AMZN,0,0,0.14817158416135864,0
2023-08-16,AMZN,0,0,0.1385936430048844,0
2023-08-17,AMZN,0,0,0.20779443837493505,0
2023-08-18,AMZN,0,0,0.2082483531054739,0
2023-08-21,AMZN,0,0,0.26056755626551975,0
2023-08-22,AMZN,0,0,0.2157134840478438,0
2023-08-23,AMZN,0,0,0.24706667950157804,0
2023-08-24,AMZN,0,0,0.13293404514990442,0
2023-08-25,AMZN,0,0,0.2700486093420553,0
2023-08-28,AMZN,0,0,0.26126253380275205,0
2023-08-29,AMZN,0,0,0.3257962749043795,0
2023-08-30,AMZN,0,0,0.2983157990199364,0
2023-08-31,AMZN,0,0,0.21692892857348015,0
2023-09-01,AMZN,0,0,0.14121284747881419,0
2023-09-05,AMZN,0,0,0.11201708890733561,0
2023-09-06,AMZN,0,0,0.12372586863770922,0
2023-09-07,AMZN,0,0,0.10359336611792384,0
2023-09-08,AMZN,0,0,0.06517102879455916,0
2023-09-11,AMZN,0,0,0.10998736974422284,0
2023-09-12,AMZN,0,0,0.03525138322249656,0
2023-09-13,AMZN,0,0,0.08691148308882626,0
2023-09-14,AMZN,0,0,0.04166782712231609,0
2023-09-15,AMZN,0,0,0.09858887609279493,0
2023-09-18,AMZN,0,0,0.1612935406328767,0
2023-09-19,AMZN,0,0,0.11468638964793987,0
2023-09-20,AMZN,0,0,0.15710038832640316,0
2023-09-21,AMZN,0,0,0.11614339960069892,0
2023-09-22,AMZN,0,0,0.2059839726148845,0
2023-09-25,AMZN,0,0,0.2965713801160283,0
2023-09-26,AMZN,0,0,0.09225231257556481,0
2023-09-27,AMZN,0,0,0.19148355718354704,0
2023-09-28,AMZN,0,0,0.15199756407963608,0
2023-09-29,AMZN,0,0,0.18721400320808532,0
2023-10-02,AMZN,0,0,0.29763507207699696,0
2023-10-03,AMZN,0,0,0.07181629853717454,0
2023-10-04,AMZN,0,0,0.24092255747194458,0
2023-10-05,AMZN,0,0,0.18046444675976314,0
2023-10-06,AMZN,0,0,0.24494477238057116,0
2023-10-09,AMZN,0,0,0.22597445881167735,0
2023-10-10,AMZN,0,0,0.18236031163737376,0
2023-10-11,AMZN,0,0,0.18830570994853718,0
2023-10-12,AMZN,0,0,0.14829267387689177,0
2023-10-13,AMZN,0,0,0.13919163627445783,0
2023-10-16,AMZN,0,0,0.2171445195029754,0
2023-10-17,AMZN,0,0,0.12684592422995672,0
2023-10-18,AMZN,0,0,0.11946010148726309,0
2023-10-19,AMZN,0,0,0.208474930978589,0
2023-10-20,AMZN,0,0,0.14867851819820838,0
2023-10-23,AMZN,0,0,0.27071022726302657,0
2023-10-24,AMZN,0,0,0.299350794285532,0
2023-10-25,AMZN,0,0,0.10752122004782355,0
2023-10-26,AMZN,0,0,0.1189329867801236,0
2023-10-27,AMZN,0,0,0.5696268544819705,1
2023-10-30,AMZN,0,0,0.5190456747471891,1
2023-10-31,AMZN,0,0,0.26996923611022255,0
2023-11-01,AMZN,0,0,0.3410551661079392,0
2023-11-02,AMZN,0,0,0.11855340829767476,0
2023-11-03,AMZN,0,0,0.10947610869121743,0
2023-11-06,AMZN,0,0,0.10506248583657538,0
2023-11-07,AMZN,0,0,0.09407160580111361,0
2023-11-08,AMZN,0,0,0.05201204101860331,0
2023-11-09,AMZN,0,0,0.0373926626461084,0
2023-11-10,AMZN,0,0,0.0744573674017592,0
2023-11-13,AMZN,0,0,0.08809803536295825,0
2023-11-14,AMZN,0,0,0.07449016055357752,0
2023-11-15,AMZN,0,0,0.07904421265266613,0
2023-11-16,AMZN,0,0,0.1280269061262865,0
2023-11-17,AMZN,0,0,0.15367419798346996,0
2023-11-20,AMZN,0,0,0.12651535268181824,0
2023-11-21,AMZN,0,0,0.11111228959774552,0
2023-11-22,AMZN,0,0,0.1635441819920586,0
2023-11-24,AMZN,0,0,0.11384631188686882,0
2023-11-27,AMZN,0,0,0.08285762227826299,0
2023-11-28,AMZN,0,0,0.12106916141964182,0
2023-11-29,AMZN,0,0,0.2118454793795515,0
2023-11-30,AMZN,0,0,0.15936129728450332,0
2023-12-01,AMZN,0,0,0.2152532213243524,0
2023-12-04,AMZN,0,0,0.2161418290437168,0
2023-12-05,AMZN,0,0,0.2582491424856785,0
2023-12-06,AMZN,0,0,0.19412177601566485,0
2023-12-07,AMZN,0,0,0.23792474390564236,0
2023-12-08,AMZN,0,0,0.28312976718531,0
2023-12-11,AMZN,0,0,0.2556040281986775,0
2023-12-12,AMZN,0,0,0.24747704712139348,0
2023-12-13,AMZN,0,0,0.19958982895396368,0
2023-12-14,AMZN,0,0,0.20964227669212632,0
2023-12-15,AMZN,0,0,0.1410085471867538,0
2023-12-18,AMZN,0,0,0.13347907885995305,0
2023-12-19,AMZN,0,0,0.08562698659596646,0
2023-12-20,AMZN,0,0,0.11021424270362506,0
2023-12-21,AMZN,0,0,0.09373382639990646,0
2023-12-22,AMZN,0,0,0.08728795909502667,0
2023-12-26,AMZN,0,0,0.07877294266248829,0
2023-12-27,AMZN,0,0,0.10784710161656617,0
2023-12-28,AMZN,0,0,0.13761055379207704,0
2023-12-29,AMZN,0,0,0.1497540388261256,0
2021-11-26,GS,0,0,0.04410935339904802,0
2021-11-29,GS,0,0,0.06724369080513966,0
2021-11-30,GS,0,0,0.05357048457242628,0
2021-12-01,GS,0,0,0.0911495513424467,0
2021-12-02,GS,0,0,0.22904729546489666,0
2021-12-03,GS,0,0,0.08635233139192933,0
2021-12-06,GS,0,0,0.2123275714253645,0
2021-12-07,GS,0,0,0.3170102877157159,0
2021-12-08,GS,0,0,0.1443098128330712,0
2021-12-09,GS,0,0,0.1549900776844287,0
2021-12-10,GS,0,0,0.12242377180508371,0
2021-12-13,GS,0,0,0.11823980407504778,0
2021-12-14,GS,0,0,0.15083214566239472,0
2021-12-15,GS,0,0,0.10481297368229456,0
2021-12-16,GS,0,0,0.14732924972715422,0
2021-12-17,GS,0,0,0.056007713175577824,0
2021-12-20,GS,0,0,0.06834142078137222,0
2021-12-21,GS,0,1,0.18269245616977547,0
2021-12-22,GS,0,1,0.1408768880358046,0
2021-12-23,GS,0,1,0.17956630338271704,0
2021-12-27,GS,1,1,0.36487355311361147,0
2021-12-28,GS,1,1,0.41675677196238664,0
2021-12-29,GS,1,1,0.39225313571816744,0
2021-12-30,GS,0,0,0.15267893471156146,0
2021-12-31,GS,0,0,0.08786603600166319,0
2022-01-03,GS,0,0,0.22620823626131023,0
2022-01-04,GS,0,0,0.19443066296959172,0
2022-01-05,GS,0,0,0.086107673601017,0
2022-01-06,GS,0,0,0.11874719965035796,0
2022-01-07,GS,0,0,0.11651887881172457,0
2022-01-10,GS,0,0,0.11496266276368976,0
2022-01-11,GS,0,0,0.10144076645965693,0
2022-01-12,GS,0,0,0.058264693151473694,0
2022-01-13,GS,0,0,0.10858316084962859,0
2022-01-14,GS,0,0,0.0863809075540274,0
2022-01-18,GS,0,0,0.037338998496591544,0
2022-01-19,GS,0,0,0.027817928039369555,0
2022-01-20,GS,0,0,0.020323515343943343,0
2022-01-21,GS,0,0,0.02006974520452094,0
2022-01-24,GS,0,0,0.02038410467994135,0
2022-01-25,GS,0,0,0.012762751641723287,0
2022-01-26,GS,0,0,0.023653318029403878,0
2022-01-27,GS,0,0,0.01698606710023148,0
2022-01-28,GS,0,0,0.05601657964150982,0
2022-01-31,GS,0,0,0.08385619861386165,0
2022-02-01,GS,0,0,0.09511999431954843,0
2022-02-02,GS,0,0,0.05586489530122071,0
2022-02-03,GS,0,0,0.06738999111511708,0
2022-02-04,GS,0,0,0.09114564376547245,0
2022-02-07,GS,0,0,0.054274099121822544,0
2022-02-08,GS,0,0,0.04294423116505168,0
2022-02-09,GS,0,0,0.07163344422360965,0
2022-02-10,GS,0,0,0.04535532439317779,0
2022-02-11,GS,0,0,0.03716067867538033,0
2022-02-14,GS,0,0,0.0753679929320775,0
2022-02-15,GS,0,0,0.10321788600896188,0
2022-02-16,GS,0,0,0.08348578626605341,0
2022-02-17,GS,0,0,0.05578599422823346,0
2022-02-18,GS,0,0,0.09326818983693985,0
2022-02-22,GS,0,0,0.10799308714053524,0
2022-02-23,GS,0,0,0.08339474537708175,0
2022-02-24,GS,0,0,0.05948963242199453,0
2022-02-25,GS,0,0,0.19830953110885874,0
2022-02-28,GS,0,0,0.06860770668206208,0
2022-03-01,GS,0,0,0.037416040699659564,0
2022-03-02,GS,0,0,0.11294235821050785,0
2022-03-03,GS,0,0,0.12660099846915085,0
2022-03-04,GS,0,0,0.09064243088476809,0
2022-03-07,GS,0,0,0.041426825637711835,0
2022-03-08,GS,0,0,0.13294959190402597,0
2022-03-09,GS,0,0,0.23574277728391038,0
2022-03-10,GS,0,0,0.20747750745240132,0
2022-03-11,GS,0,0,0.23004812125838248,0
2022-03-14,GS,0,0,0.2818056478447335,0
2022-03-15,GS,0,0,0.22194492070895663,0
2022-03-16,GS,0,0,0.3308856969054216,0
2022-03-17,GS,0,0,0.13077752273451554,0
2022-03-18,GS,0,0,0.09379191405559842,0
2022-03-21,GS,0,0,0.09011917714323137,0
2022-03-22,GS,0,0,0.12161714583988711,0
2022-03-23,GS,0,0,0.10059092793090867,0
2022-03-24,GS,0,0,0.15034975126487,0
2022-03-25,GS,0,0,0.15051730820814319,0
2022-03-28,GS,0,0,0.08371098167112628,0
2022-03-29,GS,0,0,0.19275567468657315,0
2022-03-30,GS,0,0,0.18893646693845012,0
2022-03-31,GS,0,0,0.1480486894294923,0
2022-04-01,GS,0,0,0.23896770659394492,0
2022-04-04,GS,0,0,0.19573854488242268,0
2022-04-05,GS,0,0,0.14334110170916028,0
2022-04-06,GS,0,0,0.08378442652645916,0
2022-04-07,GS,0,0,0.14460103074971203,0
2022-04-08,GS,0,0,0.1931731526809828,0
2022-04-11,GS,0,0,0.1930005484079307,0
2022-04-12,GS,0,0,0.19091570127097227,0
2022-04-13,GS,0,0,0.16946014766824466,0
2022-04-14,GS,0,0,0.1724164703729496,0
2022-04-18,GS,0,0,0.28090836382103473,0
2022-04-19,GS,0,0,0.18713312050399036,0
2022-04-20,GS,0,0,0.11986335276275918,0
2022-04-21,GS,0,0,0.039187643543403844,0
2022-04-22,GS,0,0,0.08660225114684449,0
2022-04-25,GS,0,0,0.2576433661411694,0
2022-04-26,GS,0,0,0.11341425490020782,0
2022-04-27,GS,0,0,0.25024739038933336,0
2022-04-28,GS,0,0,0.27348441168188276,0
2022-04-29,GS,0,0,0.09908919827759942,0
2022-05-02,GS,0,1,0.2735034820045446,0
2022-05-03,GS,0,1,0.23477627365841522,0
2022-05-04,GS,0,1,0.31312194270767196,0
2022-05-05,GS,1,1,0.2093168518936238,0
2022-05-06,GS,1,1,0.2783528360961062,0
2022-05-09,GS,1,1,0.25406223522042165,0
2022-05-10,GS,0,0,0.19886153709827087,0
2022-05-11,GS,0,0,0.1877945434647219,0
2022-05-12,GS,0,0,0.18109988643072264,0
2022-05-13,GS,0,0,0.2008563601241722,0
2022-05-16,GS,0,0,0.19400649787258017,0
2022-05-17,GS,0,0,0.36533920769149175,0
2022-05-18,GS,0,0,0.16379767578117505,0
2022-05-19,GS,0,0,0.26959150241412205,0
2022-05-20,GS,0,0,0.24940636788576986,0
2022-05-23,GS,0,0,0.2820107888262947,0
2022-05-24,GS,0,0,0.1204112486229464,0
2022-05-25,GS,0,0,0.1353876718486519,0
2022-05-26,GS,0,0,0.14925129267646547,0
2022-05-27,GS,0,0,0.0867227452725819,0
2022-05-31,GS,0,0,0.04002192573889418,0
2022-06-01,GS,0,0,0.07635578392755943,0
2022-06-02,GS,0,0,0.09263924510389976,0
2022-06-03,GS,0,0,0.12754052280291217,0
2022-06-06,GS,0,0,0.16220751188019933,0
2022-06-07,GS,0,0,0.19533009747342325,0
2022-06-08,GS,0,0,0.15170169858751453,0
2022-06-09,GS,0,0,0.11954277655593333,0
2022-06-10,GS,0,0,0.020107483185916816,0
2022-06-13,GS,0,0,0.02781657101583893,0
2022-06-14,GS,0,0,0.01745964499973972,0
2022-06-15,GS,0,0,0.09826110099284115,0
2022-06-16,GS,0,0,0.021040232805853328,0
2022-06-17,GS,0,0,0.044396510540508596,0
2022-06-21,GS,0,0,0.0984413499560621,0
2022-06-22,GS,0,0,0.08799755542984698,0
2022-06-23,GS,0,0,0.1361966504148067,0
2022-06-24,GS,0,0,0.23070609750987434,0
2022-06-27,GS,0,0,0.07830426874843853,0
2022-06-28,GS,0,0,0.13288662837693196,0
2022-06-29,GS,0,0,0.121428651886711,0
2022-06-30,GS,0,0,0.09003919769874164,0
2022-07-01,GS,0,0,0.10746412492365055,0
2022-07-05,GS,0,0,0.08440672763395243,0
2022-07-06,GS,0,0,0.11769337184990673,0
2022-07-07,GS,0,0,0.18071991353439862,0
2022-07-08,GS,0,0,0.11752656887497168,0
2022-07-11,GS,0,0,0.11480213192269706,0
2022-07-12,GS,0,0,0.2095124638265275,0
2022-07-13,GS,0,0,0.15443997797565753,0
2022-07-14,GS,0,0,0.07138635536433233,0
2022-07-15,GS,0,0,0.3817400207530193,0
2022-07-18,GS,0,0,0.30344545661258143,0
2022-07-19,GS,0,0,0.26911212149638897,0
2022-07-20,GS,0,0,0.06824236830042084,0
2022-07-21,GS,0,0,0.09359987197311807,0
2022-07-22,GS,0,0,0.06765175302096403,0
2022-07-25,GS,0,0,0.19422681594871866,0
2022-07-26,GS,0,0,0.06815752811496013,0
2022-07-27,GS,0,0,0.10654510088164205,0
2022-07-28,GS,0,0,0.06950979763500292,0
2022-07-29,GS,0,0,0.05707805256784777,0
2022-08-01,GS,0,0,0.04984273223299227,0
2022-08-02,GS,0,0,0.06753139466028543,0
2022-08-03,GS,0,0,0.11607239793572376,0
2022-08-04,GS,0,0,0.09063822391992053,0
2022-08-05,GS,0,0,0.10531128442383572,0
2022-08-08,GS,0,0,0.0865286736175426,0
2022-08-09,GS,0,0,0.07988639575177658,0
2022-08-10,GS,0,0,0.08641575648435174,0
2022-08-11,GS,0,0,0.0483978785961405,0
2022-08-12,GS,0,0,0.03746893523540027,0
2022-08-15,GS,0,0,0.045606399469965656,0
2022-08-16,GS,0,0,0.03270844300323738,0
2022-08-17,GS,0,0,0.027160568082511497,0
2022-08-18,GS,0,0,0.03715048950167721,0
2022-08-19,GS,0,0,0.034553990866884515,0
2022-08-22,GS,0,0,0.05287833225080035,0
2022-08-23,GS,0,0,0.08523833727545987,0
2022-08-24,GS,0,0,0.17900901566251762,0
2022-08-25,GS,0,0,0.19201843133837934,0
2022-08-26,GS,0,0,0.03663456973005841,0
2022-08-29,GS,0,0,0.0641467978005772,0
2022-08-30,GS,0,0,0.07674392693271666,0
2022-08-31,GS,0,0,0.06298099718375391,0
2022-09-01,GS,0,0,0.07578353856761952,0
2022-09-02,GS,0,0,0.0947312056918405,0
2022-09-06,GS,0,0,0.10615355116252304,0
2022-09-07,GS,0,0,0.20515029873339885,0
2022-09-08,GS,0,0,0.20976831755071476,0
2022-09-09,GS,0,1,0.22548130804834632,0
2022-09-12,GS,0,1,0.1380789444244446,0
2022-09-13,GS,0,1,0.07785159663911949,0
2022-09-14,GS,1,1,0.4476147371639135,0
2022-09-15,GS,1,1,0.6603772939174698,1
2022-09-16,GS,1,1,0.45602091312839366,1
2022-09-19,GS,0,0,0.28876178151046034,0
2022-09-20,GS,0,0,0.18303273245651858,0
2022-09-21,GS,0,0,0.1932037958561405,0
2022-09-22,GS,0,0,0.0665652516654759,0
2022-09-23,GS,0,0,0.025768134332328774,0
2022-09-26,GS,0,0,0.011895540534837542,0
2022-09-27,GS,0,0,0.03843197554155554,0
2022-09-28,GS,0,0,0.09326704578435227,0
2022-09-29,GS,0,0,0.03482181505134997,0
2022-09-30,GS,0,0,0.07867206545671346,0
2022-10-03,GS,0,0,0.10390797048253196,0
2022-10-04,GS,0,0,0.2639691810609741,0
2022-10-05,GS,0,0,0.1694953459580558,0
2022-10-06,GS,0,0,0.21308675144823044,0
2022-10-07,GS,0,0,0.2149485586691096,0
2022-10-10,GS,0,0,0.20753352665374952,0
2022-10-11,GS,0,0,0.10176238988236863,0
2022-10-12,GS,0,0,0.2653599155728248,0
2022-10-13,GS,0,0,0.22817916750146192,0
2022-10-14,GS,0,0,0.09578724784265633,0
2022-10-17,GS,0,0,0.22972244762244295,0
2022-10-18,GS,0,0,0.22842363986910666,0
2022-10-19,GS,0,0,0.14326334976838492,0
2022-10-20,GS,0,0,0.14918120508068877,0
2022-10-21,GS,0,0,0.1624569564195424,0
2022-10-24,GS,0,0,0.09350017306082875,0
2022-10-25,GS,0,0,0.06333862227538296,0
2022-10-26,GS,0,0,0.18503916086935063,0
2022-10-27,GS,0,0,0.0562467774291974,0
2022-10-28,GS,0,0,0.12541073039733008,0
2022-10-31,GS,0,0,0.07529765247221422,0
2022-11-01,GS,0,0,0.06340635518121371,0
2022-11-02,GS,0,0,0.05810811688518148,0
2022-11-03,GS,0,0,0.05188008247957725,0
2022-11-04,GS,0,0,0.08331253871546151,0
2022-11-07,GS,0,0,0.08357991078043331,0
2022-11-08,GS,0,0,0.02934480745391778,0
2022-11-09,GS,0,0,0.027794883839631208,0
2022-11-10,GS,0,0,0.12638517065547955,0
2022-11-11,GS,0,0,0.03932139149860222,0
2022-11-14,GS,0,0,0.025358254647738818,0
2022-11-15,GS,0,0,0.024189683267477894,0
2022-11-16,GS,0,0,0.026526137690670325,0
2022-11-17,GS,0,0,0.01781452914722947,0
2022-11-18,GS,0,0,0.04827643189379774,0
2022-11-21,GS,0,0,0.050526443372203605,0
2022-11-22,GS,0,0,0.05962014950355161,0
2022-11-23,GS,0,0,0.03445422896457849,0
2022-11-25,GS,0,0,0.06528387761305889,0
2022-11-28,GS,0,0,0.07404869167877709,0
2022-11-29,GS,0,0,0.1089298703117349,0
2022-11-30,GS,0,0,0.10818708820811646,0
2022-12-01,GS,0,0,0.10378431267110612,0
2022-12-02,GS,0,0,0.0779131654553214,0
2022-12-05,GS,0,0,0.060988594707004455,0
2022-12-06,GS,0,0,0.02938923075414698,0
2022-12-07,GS,0,0,0.03633160361852136,0
2022-12-08,GS,0,0,0.04548037187417192,0
2022-12-09,GS,0,0,0.08774484804357471,0
2022-12-12,GS,0,0,0.13307330575625295,0
2022-12-13,GS,0,0,0.22126687406557716,0
2022-12-14,GS,0,0,0.06955402156042183,0
2022-12-15,GS,0,0,0.04566099645391771,0
2022-12-16,GS,0,0,0.04641163439923451,0
2022-12-19,GS,0,0,0.09312934792005904,0
2022-12-20,GS,0,0,0.10526864159597822,0
2022-12-21,GS,0,0,0.22017776574387238,0
2022-12-22,GS,0,0,0.10347571728695908,0
2022-12-23,GS,0,0,0.1313858563610604,0
2022-12-27,GS,0,0,0.08398995236402935,0
2022-12-28,GS,0,0,0.11414149722574322,0
2022-12-29,GS,0,0,0.16149054289184026,0
2022-12-30,GS,0,0,0.1821311991022815,0
2023-01-03,GS,0,0,0.16737201432244647,0
2023-01-04,GS,0,0,0.15196193045963957,0
2023-01-05,GS,0,0,0.1107635095502205,0
2023-01-06,GS,0,0,0.1929112662765806,0
2023-01-09,GS,0,0,0.08018230950155585,0
2023-01-10,GS,0,0,0.07269864179333223,0
2023-01-11,GS,0,0,0.08593035359701359,0
2023-01-12,GS,0,0,0.14725618212123454,0
2023-01-13,GS,0,0,0.08402163624122004,0
2023-01-17,GS,0,0,0.2946043113624214,0
2023-01-18,GS,0,0,0.14970595836716272,0
2023-01-19,GS,0,0,0.17840043646906367,0
2023-01-20,GS,0,0,0.17563831722669854,0
2023-01-23,GS,0,0,0.3237327298039963,0
2023-01-24,GS,0,0,0.23615970137699946,0
2023-01-25,GS,0,0,0.2557464465880342,0
2023-01-26,GS,0,0,0.3129303490199542,0
2023-01-27,GS,0,0,0.19609372796179125,0
2023-01-30,GS,0,0,0.24587630157690385,0
2023-01-31,GS,0,0,0.18173324454947198,0
2023-02-01,GS,0,0,0.13409513216807395,0
2023-02-02,GS,0,0,0.17500328198288406,0
2023-02-03,GS,0,0,0.1845624311709063,0
2023-02-06,GS,0,0,0.1574955913914037,0
2023-02-07,GS,0,0,0.15029374534488793,0
2023-02-08,GS,0,0,0.11799160215732481,0
2023-02-09,GS,0,0,0.15028287758432002,0
2023-02-10,GS,0,0,0.20955806412961342,0
2023-02-13,GS,0,0,0.20603343950750058,0
2023-02-14,GS,0,0,0.10462674146983962,0
2023-02-15,GS,0,0,0.12284306859581334,0
2023-02-16,GS,0,0,0.12145756204926149,0
2023-02-17,GS,0,0,0.14383943719374545,0
2023-02-21,GS,0,0,0.06752439535236211,0
2023-02-22,GS,0,0,0.13763142283752883,0
2023-02-23,GS,0,0,0.13097139939917515,0
2023-02-24,GS,0,0,0.1250847711110952,0
2023-02-27,GS,0,0,0.14858073600867028,0
2023-02-28,GS,0,0,0.06421871092774702,0
2023-03-01,GS,0,0,0.07779968189538675,0
2023-03-02,GS,0,0,0.16556424535695602,0
2023-03-03,GS,0,0,0.3148442001097566,0
2023-03-06,GS,0,0,0.27891679478269593,0
2023-03-07,GS,0,0,0.06719508505830797,0
2023-03-08,GS,0,0,0.18396760231156772,0
2023-03-09,GS,0,0,0.04921100078856252,0
2023-03-10,GS,0,0,0.02581426184717496,0
2023-03-13,GS,0,0,0.014183506784591774,0
2023-03-14,GS,0,0,0.04789448509529781,0
2023-03-15,GS,0,0,0.05150580008129059,0
2023-03-16,GS,0,0,0.036332099765417736,0
2023-03-17,GS,0,0,0.021488573995555496,0
2023-03-20,GS,0,0,0.03201919952949212,0
2023-03-21,GS,0,0,0.024197024502265577,0
2023-03-22,GS,0,0,0.017524401375583754,0
2023-03-23,GS,0,0,0.032626565513126315,0
2023-03-24,GS,0,0,0.06810146688613733,0
2023-03-27,GS,0,0,0.09510681629944888,0
2023-03-28,GS,0,0,0.05699676565929483,0
2023-03-29,GS,0,0,0.07865114155820964,0
2023-03-30,GS,0,0,0.12234829144856939,0
2023-03-31,GS,0,0,0.08232916783851875,0
2023-04-03,GS,0,0,0.06421388956486396,0
2023-04-04,GS,0,0,0.11089300703093585,0
2023-04-05,GS,0,0,0.12317559626037232,0
2023-04-06,GS,0,0,0.1104547614694317,0
2023-04-10,GS,0,0,0.11212864693529148,0
2023-04-11,GS,0,0,0.07793232098782453,0
2023-04-12,GS,0,0,0.05041298068237877,0
2023-04-13,GS,0,0,0.04804411306660844,0
2023-04-14,GS,0,0,0.06139589860309647,0
2023-04-17,GS,0,0,0.06407803535847828,0
2023-04-18,GS,0,0,0.03569557965084155,0
2023-04-19,GS,0,0,0.05529352481207128,0
2023-04-20,GS,0,0,0.035087686760312466,0
2023-04-21,GS,0,0,0.04700335247681637,0
2023-04-24,GS,0,0,0.04961911761851369,0
2023-04-25,GS,0,0,0.06289783944695565,0
2023-04-26,GS,0,0,0.0832978193508954,0
2023-04-27,GS,0,0,0.10141632554463925,0
2023-04-28,GS,0,0,0.05951284020121521,0
2023-05-01,GS,0,0,0.11741739411225903,0
2023-05-02,GS,0,0,0.1146361093967346,0
2023-05-03,GS,0,0,0.11810007822185917,0
2023-05-04,GS,0,0,0.09292973227180233,0
2023-05-05,GS,0,0,0.20260912420419028,0
2023-05-08,GS,0,0,0.1773309950990569,0
2023-05-09,GS,0,0,0.17856102866668025,0
2023-05-10,GS,0,0,0.18286631329060993,0
2023-05-11,GS,0,0,0.2076469645883378,0
2023-05-12,GS,0,0,0.1746425479765519,0
2023-05-15,GS,0,0,0.21045642612362964,0
2023-05-16,GS,0,0,0.15467311607369652,0
2023-05-17,GS,0,0,0.266915738003564,0
2023-05-18,GS,0,0,0.14384992842139666,0
2023-05-19,GS,0,0,0.2163686672049407,0
2023-05-22,GS,0,0,0.2918955992553861,0
2023-05-23,GS,0,0,0.2857988715228583,0
2023-05-24,GS,0,0,0.20450787129104733,0
2023-05-25,GS,0,0,0.2278829122205238,0
2023-05-26,GS,0,0,0.16444588923788753,0
2023-05-30,GS,0,0,0.10985451218246975,0
2023-05-31,GS,0,0,0.11175755197492071,0
2023-06-01,GS,0,0,0.11879078909877902,0
2023-06-02,GS,0,0,0.2765419830093476,0
2023-06-05,GS,0,0,0.22855799448495945,0
2023-06-06,GS,0,0,0.1970990290911342,0
2023-06-07,GS,0,0,0.18131666452769687,0
2023-06-08,GS,0,0,0.07932721136016713,0
2023-06-09,GS,0,0,0.058103963864685575,0
2023-06-12,GS,0,0,0.06830495208074788,0
2023-06-13,GS,0,0,0.06659785363874504,0
2023-06-14,GS,0,0,0.04706879518711689,0
2023-06-15,GS,0,0,0.03888060292821206,0
2023-06-16,GS,0,0,0.08529275979469292,0
2023-06-20,GS,0,0,0.07688127746936034,0
2023-06-21,GS,0,0,0.13115285423964854,0
2023-06-22,GS,0,0,0.07994576153991619,0
2023-06-23,GS,0,0,0.1290653071575457,0
2023-06-26,GS,0,0,0.15912131953432218,0
2023-06-27,GS,0,0,0.20421428152303617,0
2023-06-28,GS,0,0,0.16146940478400454,0
2023-06-29,GS,0,0,0.3196789817919819,0
2023-06-30,GS,0,0,0.22605054946510794,0
2023-07-03,GS,0,0,0.21904470660813322,0
2023-07-05,GS,0,0,0.12389939980280246,0
2023-07-06,GS,0,0,0.11484628791618559,0
2023-07-07,GS,0,0,0.26619418164261754,0
2023-07-10,GS,0,0,0.17753114231201209,0
2023-07-11,GS,0,0,0.14529826314810432,0
2023-07-12,GS,0,0,0.15916663291491326,0
2023-07-13,GS,0,0,0.08123671565433147,0
2023-07-14,GS,0,0,0.06709753650758433,0
2023-07-17,GS,0,0,0.0774645372635514,0
2023-07-18,GS,0,0,0.1242277148448664,0
2023-07-19,GS,0,0,0.036636273672317914,0
2023-07-20,GS,0,0,0.3822274197291906,0
2023-07-21,GS,0,0,0.14704918781557483,0
2023-07-24,GS,0,0,0.15464477600539137,0
2023-07-25,GS,0,0,0.06077041760348221,0
2023-07-26,GS,0,0,0.03868819279676902,0
2023-07-27,GS,0,0,0.025696154044972164,0
2023-07-28,GS,0,0,0.026926676893472314,0
2023-07-31,GS,0,0,0.05630486961241199,0
2023-08-01,GS,0,0,0.03599660230028523,0
2023-08-02,GS,0,0,0.03621270751778592,0
2023-08-03,GS,0,0,0.08478847810617704,0
2023-08-04,GS,0,0,0.09798473348974157,0
2023-08-07,GS,0,0,0.1102453433112677,0
2023-08-08,GS,0,0,0.08568327170329874,0
2023-08-09,GS,0,0,0.05785168307851838,0
2023-08-10,GS,0,0,0.12596256821531285,0
2023-08-11,GS,0,0,0.1634966805115295,0
2023-08-14,GS,0,0,0.1429781323865795,0
2023-08-15,GS,0,0,0.08516313659211824,0
2023-08-16,GS,0,0,0.0776950527314056,0
2023-08-17,GS,0,0,0.11285354728436907,0
2023-08-18,GS,0,0,0.041407803634526535,0
2023-08-21,GS,0,0,0.07267865206385637,0
2023-08-22,GS,0,0,0.15659546606754676,0
2023-08-23,GS,0,0,0.13262154498743492,0
2023-08-24,GS,0,0,0.1502452597974432,0
2023-08-25,GS,0,0,0.17739335465802886,0
2023-08-28,GS,0,0,0.17313064381231066,0
2023-08-29,GS,0,0,0.231241274447422,0
2023-08-30,GS,0,0,0.14358013005390946,0
2023-08-31,GS,0,0,0.20404609787496616,0
2023-09-01,GS,0,0,0.1773567021608528,0
2023-09-05,GS,0,0,0.13137047685536726,0
2023-09-06,GS,0,0,0.14314856767108297,0
2023-09-07,GS,0,0,0.21479315854606915,0
2023-09-08,GS,0,0,0.17044009544429128,0
2023-09-11,GS,0,0,0.1404795164831237,0
2023-09-12,GS,0,0,0.10690537400993667,0
2023-09-13,GS,0,0,0.08304087934066552,0
2023-09-14,GS,0,0,0.10438261395314931,0
2023-09-15,GS,0,0,0.033021207142077375,0
2023-09-18,GS,0,0,0.04208129143049854,0
2023-09-19,GS,0,0,0.04385889117924722,0
2023-09-20,GS,0,0,0.11558202395419499,0
2023-09-21,GS,0,0,0.09935510309508636,0
2023-09-22,GS,0,0,0.17181956798146222,0
2023-09-25,GS,0,0,0.16634587198606382,0
2023-09-26,GS,0,0,0.20168249197961405,0
2023-09-27,GS,0,0,0.2533750929453557,0
2023-09-28,GS,0,0,0.2976673822701458,0
2023-09-29,GS,0,0,0.23550822232834037,0
2023-10-02,GS,0,0,0.15241026014224213,0
2023-10-03,GS,0,0,0.04898949020830519,0
2023-10-04,GS,0,0,0.10568656970460691,0
2023-10-05,GS,0,0,0.12993229712171575,0
2023-10-06,GS,0,0,0.14917005697068325,0
2023-10-09,GS,0,0,0.14332025639360255,0
2023-10-10,GS,0,0,0.18609239595191426,0
2023-10-11,GS,0,0,0.1498578918319926,0
2023-10-12,GS,0,0,0.09496033430601038,0
2023-10-13,GS,0,0,0.14589532099959682,0
2023-10-16,GS,0,0,0.2839909078649237,0
2023-10-17,GS,0,0,0.08224890259926368,0
2023-10-18,GS,0,0,0.06474888064509374,0
2023-10-19,GS,0,0,0.08965629183630044,0
2023-10-20,GS,0,0,0.1243719339885066,0
2023-10-23,GS,0,0,0.12509599777069538,0
2023-10-24,GS,0,0,0.11921357423738241,0
2023-10-25,GS,0,0,0.08742778421437226,0
2023-10-26,GS,0,0,0.12723726770392876,0
2023-10-27,GS,0,0,0.048358915078617774,0
2023-10-30,GS,0,0,0.28343680988166026,0
2023-10-31,GS,0,0,0.2828246612339633,0
2023-11-01,GS,0,0,0.18565154631619696,0
2023-11-02,GS,0,0,0.1828272413116414,0
2023-11-03,GS,0,0,0.18457429305103318,0
2023-11-06,GS,0,0,0.07818808107973699,0
2023-11-07,GS,0,0,0.054921287744766095,0
2023-11-08,GS,0,0,0.044391111040996634,0
2023-11-09,GS,0,0,0.0675201178280127,0
2023-11-10,GS,0,0,0.18274225673735237,0
2023-11-13,GS,0,0,0.0747407673189543,0
2023-11-14,GS,0,0,0.35328587990845145,0
2023-11-15,GS,0,0,0.043092657141636556,0
2023-11-16,GS,0,0,0.038439269557083586,0
2023-11-17,GS,0,0,0.06402658053000994,0
2023-11-20,GS,0,0,0.05146081359677368,0
2023-11-21,GS,0,0,0.08207058938089405,0
2023-11-22,GS,0,0,0.08996686683990786,0
2023-11-24,GS,0,0,0.08644090880147359,0
2023-11-27,GS,0,0,0.11975842994538508,0
2023-11-28,GS,0,0,0.09557141395809873,0
2023-11-29,GS,0,0,0.12550898540627894,0
2023-11-30,GS,0,0,0.133109618193541,0
2023-12-01,GS,0,0,0.07659632353642176,0
2023-12-04,GS,0,0,0.05274230283327348,0
2023-12-05,GS,0,0,0.1186679548303739,0
2023-12-06,GS,0,0,0.1356679030432155,0
2023-12-07,GS,0,0,0.16722346073179778,0
2023-12-08,GS,0,0,0.08427225909890787,0
2023-12-11,GS,0,0,0.053559078637053024,0
2023-12-12,GS,0,0,0.045325054278413913,0
2023-12-13,GS,0,0,0.17834644036027594,0
2023-12-14,GS,0,0,0.24093837128585074,0
2023-12-15,GS,0,0,0.01962780714585879,0
2023-12-18,GS,0,0,0.022449969498363944,0
2023-12-19,GS,0,0,0.029474387932821346,0
2023-12-20,GS,0,0,0.018892697505670464,0
2023-12-21,GS,0,0,0.02419350048001341,0
2023-12-22,GS,0,0,0.02911611626505041,0
2023-12-26,GS,0,0,0.03352349683730033,0
2023-12-27,GS,0,0,0.0363456788500932,0
2023-12-28,GS,0,0,0.04407425982809623,0
2023-12-29,GS,0,0,0.09945570758353185,0
2021-11-26,JPM,0,0,0.06809457087443857,0
2021-11-29,JPM,0,0,0.17802567044042936,0
2021-11-30,JPM,0,0,0.0948381841417231,0
2021-12-01,JPM,0,0,0.14484751040224933,0
2021-12-02,JPM,0,0,0.309104754181295,0
2021-12-03,JPM,0,0,0.09629567703767845,0
2021-12-06,JPM,0,0,0.18443045909211014,0
2021-12-07,JPM,0,0,0.2600259626358606,0
2021-12-08,JPM,0,0,0.10892930178947036,0
2021-12-09,JPM,0,0,0.15089825501611825,0
2021-12-10,JPM,0,0,0.13555319420239814,0
2021-12-13,JPM,0,0,0.09909105571425778,0
2021-12-14,JPM,0,0,0.14268229987804085,0
2021-12-15,JPM,0,0,0.09433813227394136,0
2021-12-16,JPM,0,0,0.12717197511249712,0
2021-12-17,JPM,0,0,0.05186081494236184,0
2021-12-20,JPM,0,0,0.06979922234970652,0
2021-12-21,JPM,0,1,0.12782913900498244,0
2021-12-22,JPM,0,1,0.11602103970646128,0
2021-12-23,JPM,0,1,0.12594379890160812,0
2021-12-27,JPM,1,1,0.47285937918912246,1
2021-12-28,JPM,1,1,0.5420198886315939,1
2021-12-29,JPM,1,1,0.5890661231569723,1
2021-12-30,JPM,0,0,0.11713541586104464,0
2021-12-31,JPM,0,0,0.11155450438327427,0
2022-01-03,JPM,0,0,0.08364949936286621,0
2022-01-04,JPM,0,0,0.08861086857604757,0
2022-01-05,JPM,0,0,0.03901210632714426,0
2022-01-06,JPM,0,0,0.0615456579926492,0
2022-01-07,JPM,0,0,0.06374032475699573,0
2022-01-10,JPM,0,0,0.0444761788985465,0
2022-01-11,JPM,0,0,0.04120490160882142,0
2022-01-12,JPM,0,0,0.044028064705946175,0
2022-01-13,JPM,0,0,0.06166878705100993,0
2022-01-14,JPM,0,0,0.08630156924436072,0
2022-01-18,JPM,0,0,0.0664924744785097,0
2022-01-19,JPM,0,0,0.07455998111649542,0
2022-01-20,JPM,0,0,0.12008217338081272,0
2022-01-21,JPM,0,0,0.040323977040153475,0
2022-01-24,JPM,0,0,0.09612749914405097,0
2022-01-25,JPM,0,0,0.11250732404524659,0
2022-01-26,JPM,0,0,0.11014402576648097,0
2022-01-27,JPM,0,0,0.04074896776470201,0
2022-01-28,JPM,0,0,0.11754785926142726,0
2022-01-31,JPM,0,0,0.14696922614401817,0
2022-02-01,JPM,0,0,0.1795196794619398,0
2022-02-02,JPM,0,0,0.09816136178168108,0
2022-02-03,JPM,0,0,0.10647876840206764,0
2022-02-04,JPM,0,0,0.20551040372099932,0
2022-02-07,JPM,0,0,0.10997675150204998,0
2022-02-08,JPM,0,0,0.14067451517824997,0
2022-02-09,JPM,0,0,0.08913233382934,0
2022-02-10,JPM,0,0,0.09055808743648117,0
2022-02-11,JPM,0,0,0.08013489603417652,0
2022-02-14,JPM,0,0,0.0512899056270255,0
2022-02-15,JPM,0,0,0.12276931104530085,0
2022-02-16,JPM,0,0,0.07044024374312957,0
2022-02-17,JPM,0,0,0.05398689470046537,0
2022-02-18,JPM,0,0,0.09747548389892313,0
2022-02-22,JPM,0,0,0.09137126669182863,0
2022-02-23,JPM,0,0,0.06067725059094822,0
2022-02-24,JPM,0,0,0.07189291505624394,0
2022-02-25,JPM,0,0,0.2589017860793664,0
2022-02-28,JPM,0,0,0.04528332427661661,0
2022-03-01,JPM,0,0,0.05474986120871884,0
2022-03-02,JPM,0,0,0.168104894036482,0
2022-03-03,JPM,0,0,0.11346265855325674,0
2022-03-04,JPM,0,0,0.055782962564568606,0
2022-03-07,JPM,0,0,0.052604786263532315,0
2022-03-08,JPM,0,0,0.11636597911064432,0
2022-03-09,JPM,0,0,0.09324146446871112,0
2022-03-10,JPM,0,0,0.11816779422353071,0
2022-03-11,JPM,0,0,0.08509714068604969,0
2022-03-14,JPM,0,0,0.1389426570442395,0
2022-03-15,JPM,0,0,0.21788283995678104,0
2022-03-16,JPM,0,0,0.30245988138259633,0
2022-03-17,JPM,0,0,0.17377716250783945,0
2022-03-18,JPM,0,0,0.13293950896517817,0
2022-03-21,JPM,0,0,0.09681201269628623,0
2022-03-22,JPM,0,0,0.10896434263530194,0
2022-03-23,JPM,0,0,0.10159982673572415,0
2022-03-24,JPM,0,0,0.1281053134575099,0
2022-03-25,JPM,0,0,0.0725013455071983,0
2022-03-28,JPM,0,0,0.06665108116997989,0
2022-03-29,JPM,0,0,0.10164692782186317,0
2022-03-30,JPM,0,0,0.10825104326140852,0
2022-03-31,JPM,0,0,0.08131736790000639,0
2022-04-01,JPM,0,0,0.16515851306411725,0
2022-04-04,JPM,0,0,0.300857525200196,0
2022-04-05,JPM,0,0,0.1688731148653893,0
2022-04-06,JPM,0,0,0.18076207214582138,0
2022-04-07,JPM,0,0,0.24469804627904124,0
2022-04-08,JPM,0,0,0.3090890464950412,0
2022-04-11,JPM,0,0,0.2566507046023243,0
2022-04-12,JPM,0,0,0.18581519039539363,0
2022-04-13,JPM,0,0,0.04970483634137339,0
2022-04-14,JPM,0,0,0.08719899954617012,0
2022-04-18,JPM,0,0,0.15036605512317033,0
2022-04-19,JPM,0,0,0.24739118086887676,0
2022-04-20,JPM,0,0,0.21989084048797147,0
2022-04-21,JPM,0,0,0.1775876747263846,0
2022-04-22,JPM,0,0,0.07907582284402469,0
2022-04-25,JPM,0,0,0.18992350452907425,0
2022-04-26,JPM,0,0,0.05643390954707706,0
2022-04-27,JPM,0,0,0.0875282038491956,0
2022-04-28,JPM,0,0,0.21606205619829338,0
2022-04-29,JPM,0,0,0.06817370308910459,0
2022-05-02,JPM,0,1,0.2072563423878925,0
2022-05-03,JPM,0,1,0.2623270874549127,0
2022-05-04,JPM,0,1,0.38490826816678075,0
2022-05-05,JPM,1,1,0.35352249511436673,0
2022-05-06,JPM,1,1,0.3839428699502333,0
2022-05-09,JPM,1,1,0.2853256772754436,0
2022-05-10,JPM,0,0,0.16417429578413947,0
2022-05-11,JPM,0,0,0.29151823883324784,0
2022-05-12,JPM,0,0,0.2996151321512458,0
2022-05-13,JPM,0,0,0.23034555383551625,0
2022-05-16,JPM,0,0,0.2462106820956992,0
2022-05-17,JPM,0,0,0.3802511868465503,0
2022-05-18,JPM,0,0,0.2224433567210888,0
2022-05-19,JPM,0,0,0.2394460017761603,0
2022-05-20,JPM,0,0,0.3088784926069907,0
2022-05-23,JPM,0,0,0.3942773376314015,0
2022-05-24,JPM,0,0,0.22591706014988483,0
2022-05-25,JPM,0,0,0.1503098987868438,0
2022-05-26,JPM,0,0,0.12012430055162494,0
2022-05-27,JPM,0,0,0.1056716714743421,0
2022-05-31,JPM,0,0,0.051198706424211114,0
2022-06-01,JPM,0,0,0.053807933137021126,0
2022-06-02,JPM,0,0,0.08666470213205243,0
2022-06-03,JPM,0,0,0.04522321294406902,0
2022-06-06,JPM,0,0,0.07417168548364729,0
2022-06-07,JPM,0,0,0.12068846670782382,0
2022-06-08,JPM,0,0,0.0970957057975272,0
2022-06-09,JPM,0,0,0.11317884914440432,0
2022-06-10,JPM,0,0,0.08204882125582645,0
2022-06-13,JPM,0,0,0.0635862060329261,0
2022-06-14,JPM,0,0,0.11613115671005055,0
2022-06-15,JPM,0,0,0.20197138129788056,0
2022-06-16,JPM,0,0,0.08481361091894947,0
2022-06-17,JPM,0,0,0.1534972178606863,0
2022-06-21,JPM,0,0,0.2102473017609931,0
2022-06-22,JPM,0,0,0.10761688358715946,0
2022-06-23,JPM,0,0,0.08268845205345318,0
2022-06-24,JPM,0,0,0.2651581722803181,0
2022-06-27,JPM,0,0,0.18082794416477926,0
2022-06-28,JPM,0,0,0.18874155418750344,0
2022-06-29,JPM,0,0,0.1823815958089043,0
2022-06-30,JPM,0,0,0.07497528026747419,0
2022-07-01,JPM,0,0,0.20430977981730658,0
2022-07-05,JPM,0,0,0.17575812771480082,0
2022-07-06,JPM,0,0,0.20776245054943362,0
2022-07-07,JPM,0,0,0.3596342967949671,0
2022-07-08,JPM,0,0,0.2407806371767354,0
2022-07-11,JPM,0,0,0.1947189979169055,0
2022-07-12,JPM,0,0,0.3331847362910123,0
2022-07-13,JPM,0,0,0.21270005522993077,0
2022-07-14,JPM,0,0,0.10541257867679264,0
2022-07-15,JPM,0,0,0.3615944699380725,0
2022-07-18,JPM,0,0,0.311110270738912,0
2022-07-19,JPM,0,0,0.3743473231543954,0
2022-07-20,JPM,0,0,0.2826860823387136,0
2022-07-21,JPM,0,0,0.28712766004007473,0
2022-07-22,JPM,0,0,0.2793624288208279,0
2022-07-25,JPM,0,0,0.22561617041283674,0
2022-07-26,JPM,0,0,0.2161375248076682,0
2022-07-27,JPM,0,0,0.35771738429879874,0
2022-07-28,JPM,0,0,0.2800194885291873,0
2022-07-29,JPM,0,0,0.2506685281204683,0
2022-08-01,JPM,0,0,0.18012873001264254,0
2022-08-02,JPM,0,0,0.18796707257531933,0
2022-08-03,JPM,0,0,0.29937176198641674,0
2022-08-04,JPM,0,0,0.23171932168841214,0
2022-08-05,JPM,0,0,0.3025964207173259,0
2022-08-08,JPM,0,0,0.33997992364047325,0
2022-08-09,JPM,0,0,0.3073226985787393,0
2022-08-10,JPM,0,0,0.27780121704835103,0
2022-08-11,JPM,0,0,0.14000085065462214,0
2022-08-12,JPM,0,0,0.08436048132589405,0
2022-08-15,JPM,0,0,0.05048602557213254,0
2022-08-16,JPM,0,0,0.04563086730307216,0
2022-08-17,JPM,0,0,0.03254370198273288,0
2022-08-18,JPM,0,0,0.03836206639179072,0
2022-08-19,JPM,0,0,0.07190639695517007,0
2022-08-22,JPM,0,0,0.08890842967948327,0
2022-08-23,JPM,0,0,0.10069741418695749,0
2022-08-24,JPM,0,0,0.21174299452242668,0
2022-08-25,JPM,0,0,0.21765503632426833,0
2022-08-26,JPM,0,0,0.13550399214707765,0
2022-08-29,JPM,0,0,0.24426337973546647,0
2022-08-30,JPM,0,0,0.22308154758858922,0
2022-08-31,JPM,0,0,0.2493708338862299,0
2022-09-01,JPM,0,0,0.3140404311942236,0
2022-09-02,JPM,0,0,0.2399133822476134,0
2022-09-06,JPM,0,0,0.27414051643534776,0
2022-09-07,JPM,0,0,0.40010364348424476,0
2022-09-08,JPM,0,0,0.40133215482392287,0
2022-09-09,JPM,0,1,0.2423061026500197,0
2022-09-12,JPM,0,1,0.09563434318913815,0
2022-09-13,JPM,0,1,0.12365551382422962,0
2022-09-14,JPM,1,1,0.6788497011166229,1
2022-09-15,JPM,1,1,0.8915228760893253,1
2022-09-16,JPM,1,1,0.7669578155153314,1
2022-09-19,JPM,0,0,0.14492745024938217,0
2022-09-20,JPM,0,0,0.07151630984747948,0
2022-09-21,JPM,0,0,0.15062932800450546,0
2022-09-22,JPM,0,0,0.24102377694327348,0
2022-09-23,JPM,0,0,0.12239800822538038,0
2022-09-26,JPM,0,0,0.06057628931272583,0
2022-09-27,JPM,0,0,0.07608880708725847,0
2022-09-28,JPM,0,0,0.248232060201675,0
2022-09-29,JPM,0,0,0.10338875113009957,0
2022-09-30,JPM,0,0,0.09886961252860708,0
2022-10-03,JPM,0,0,0.16312305327460994,0
2022-10-04,JPM,0,0,0.4586042995017399,1
2022-10-05,JPM,0,0,0.20202851443962622,0
2022-10-06,JPM,0,0,0.24008236767514632,0
2022-10-07,JPM,0,0,0.2018527994215091,0
2022-10-10,JPM,0,0,0.2746466668488922,0
2022-10-11,JPM,0,0,0.09195234647225743,0
2022-10-12,JPM,0,0,0.2804426115961175,0
2022-10-13,JPM,0,0,0.38853940057945346,0
2022-10-14,JPM,0,0,0.2922725815601491,0
2022-10-17,JPM,0,0,0.22234694928108123,0
2022-10-18,JPM,0,0,0.21200044569754295,0
2022-10-19,JPM,0,0,0.1006705885241638,0
2022-10-20,JPM,0,0,0.0835707466142025,0
2022-10-21,JPM,0,0,0.13565877379749317,0
2022-10-24,JPM,0,0,0.052834336267152955,0
2022-10-25,JPM,0,0,0.04777049389523151,0
2022-10-26,JPM,0,0,0.05137793969508667,0
2022-10-27,JPM,0,0,0.04848780922009377,0
2022-10-28,JPM,0,0,0.040479720085853245,0
2022-10-31,JPM,0,0,0.056573905333628376,0
2022-11-01,JPM,0,0,0.07865103922438758,0
2022-11-02,JPM,0,0,0.05693821377276051,0
2022-11-03,JPM,0,0,0.08733663120664831,0
2022-11-04,JPM,0,0,0.12909331102583937,0
2022-11-07,JPM,0,0,0.0886533011490974,0
2022-11-08,JPM,0,0,0.0774928232493474,0
2022-11-09,JPM,0,0,0.10200407241811695,0
2022-11-10,JPM,0,0,0.09979271233882431,0
2022-11-11,JPM,0,0,0.06589419399229272,0
2022-11-14,JPM,0,0,0.03978009997764916,0
2022-11-15,JPM,0,0,0.07276417042390315,0
2022-11-16,JPM,0,0,0.08669526153451511,0
2022-11-17,JPM,0,0,0.1174186200350921,0
2022-11-18,JPM,0,0,0.13251443901581442,0
2022-11-21,JPM,0,0,0.14724746106081674,0
2022-11-22,JPM,0,0,0.11278121785763427,0
2022-11-23,JPM,0,0,0.07631596761840927,0
2022-11-25,JPM,0,0,0.0941406555038566,0
2022-11-28,JPM,0,0,0.21678322572470723,0
2022-11-29,JPM,0,0,0.11721281576527716,0
2022-11-30,JPM,0,0,0.09541663524427933,0
2022-12-01,JPM,0,0,0.15592938769911724,0
2022-12-02,JPM,0,0,0.17960450771485875,0
2022-12-05,JPM,0,0,0.14266204309587638,0
2022-12-06,JPM,0,0,0.2749798005094502,0
2022-12-07,JPM,0,0,0.271876469019821,0
2022-12-08,JPM,0,0,0.3181734954676729,0
2022-12-09,JPM,0,0,0.19459552489803197,0
2022-12-12,JPM,0,0,0.18389663368806647,0
2022-12-13,JPM,0,0,0.2027073164946043,0
2022-12-14,JPM,0,0,0.190956124976061,0
2022-12-15,JPM,0,0,0.09471818814569827,0
2022-12-16,JPM,0,0,0.14406189133032665,0
2022-12-19,JPM,0,0,0.18813525598438652,0
2022-12-20,JPM,0,0,0.17359179974680422,0
2022-12-21,JPM,0,0,0.1710553549817328,0
2022-12-22,JPM,0,0,0.12310067578938634,0
2022-12-23,JPM,0,0,0.20927136232525073,0
2022-12-27,JPM,0,0,0.20378353038812924,0
2022-12-28,JPM,0,0,0.13807175893654683,0
2022-12-29,JPM,0,0,0.16136583645160316,0
2022-12-30,JPM,0,0,0.10576593677240649,0
2023-01-03,JPM,0,0,0.15550103240141072,0
2023-01-04,JPM,0,0,0.11986798504556712,0
2023-01-05,JPM,0,0,0.11230623002230125,0
2023-01-06,JPM,0,0,0.0883493180500679,0
2023-01-09,JPM,0,0,0.06345947840200465,0
2023-01-10,JPM,0,0,0.06293056152870836,0
2023-01-11,JPM,0,0,0.08819455151399541,0
2023-01-12,JPM,0,0,0.08172583591948705,0
2023-01-13,JPM,0,0,0.09779131854697107,0
2023-01-17,JPM,0,0,0.04035173256153534,0
2023-01-18,JPM,0,0,0.09656183688926422,0
2023-01-19,JPM,0,0,0.09745852762885578,0
2023-01-20,JPM,0,0,0.14035984407994914,0
2023-01-23,JPM,0,0,0.17938784531179658,0
2023-01-24,JPM,0,0,0.16411091848175616,0
2023-01-25,JPM,0,0,0.15436245175525282,0
2023-01-26,JPM,0,0,0.1562677928648977,0
2023-01-27,JPM,0,0,0.13580968755292389,0
2023-01-30,JPM,0,0,0.11041434435985167,0
2023-01-31,JPM,0,0,0.12275306942412771,0
2023-02-01,JPM,0,0,0.10608333287169638,0
2023-02-02,JPM,0,0,0.14947604468221393,0
2023-02-03,JPM,0,0,0.14486523344589597,0
2023-02-06,JPM,0,0,0.10493007462803224,0
2023-02-07,JPM,0,0,0.07244618807665694,0
2023-02-08,JPM,0,0,0.06882968766649324,0
2023-02-09,JPM,0,0,0.0805089750848145,0
2023-02-10,JPM,0,0,0.12199014534351789,0
2023-02-13,JPM,0,0,0.08038487809812003,0
2023-02-14,JPM,0,0,0.07544430982013561,0
2023-02-15,JPM,0,0,0.06984629861499249,0
2023-02-16,JPM,0,0,0.0711076667710781,0
2023-02-17,JPM,0,0,0.09208771418055724,0
2023-02-21,JPM,0,0,0.10759896183177953,0
2023-02-22,JPM,0,0,0.1376634127924364,0
2023-02-23,JPM,0,0,0.18684993788756699,0
2023-02-24,JPM,0,0,0.19010292092508654,0
2023-02-27,JPM,0,0,0.1612186836684091,0
2023-02-28,JPM,0,0,0.1490028008820449,0
2023-03-01,JPM,0,0,0.1421594919267222,0
2023-03-02,JPM,0,0,0.13978079092310752,0
2023-03-03,JPM,0,0,0.10488259818483363,0
2023-03-06,JPM,0,0,0.13013829777374414,0
2023-03-07,JPM,0,0,0.10434176241976231,0
2023-03-08,JPM,0,0,0.15210020771738947,0
2023-03-09,JPM,0,0,0.08079517449617,0
2023-03-10,JPM,0,0,0.3091048157641019,0
2023-03-13,JPM,0,0,0.11204904944368453,0
2023-03-14,JPM,0,0,0.5150683176151486,1
2023-03-15,JPM,0,0,0.09212167621814438,0
2023-03-16,JPM,0,0,0.35846868490876993,0
2023-03-17,JPM,0,0,0.08198682000599061,0
2023-03-20,JPM,0,0,0.14320518181594125,0
2023-03-21,JPM,0,0,0.24684981081167975,0
2023-03-22,JPM,0,0,0.06273458964014157,0
2023-03-23,JPM,0,0,0.13861773380426323,0
2023-03-24,JPM,0,0,0.1034839959532408,0
2023-03-27,JPM,0,0,0.25871238966100757,0
2023-03-28,JPM,0,0,0.20753879535079986,0
2023-03-29,JPM,0,0,0.14836431025298213,0
2023-03-30,JPM,0,0,0.21627248254204687,0
2023-03-31,JPM,0,0,0.19850122679608984,0
2023-04-03,JPM,0,0,0.19507276289353134,0
2023-04-04,JPM,0,0,0.17031603798142358,0
2023-04-05,JPM,0,0,0.1917922316194224,0
2023-04-06,JPM,0,0,0.17581489147918566,0
2023-04-10,JPM,0,0,0.17404495682600069,0
2023-04-11,JPM,0,0,0.26718701416633356,0
2023-04-12,JPM,0,0,0.22560548854058696,0
2023-04-13,JPM,0,0,0.19691647853444158,0
2023-04-14,JPM,0,0,0.38702668059076534,0
2023-04-17,JPM,0,0,0.10086805218581456,0
2023-04-18,JPM,0,0,0.06014549244995553,0
2023-04-19,JPM,0,0,0.04665082468055468,0
2023-04-20,JPM,0,0,0.0330997748021619,0
2023-04-21,JPM,0,0,0.026109783548905835,0
2023-04-24,JPM,0,0,0.03083551754600308,0
2023-04-25,JPM,0,0,0.0789886129485308,0
2023-04-26,JPM,0,0,0.0962519785004282,0
2023-04-27,JPM,0,0,0.13404726154647634,0
2023-04-28,JPM,0,0,0.1535053825104897,0
2023-05-01,JPM,0,0,0.10753758422822356,0
2023-05-02,JPM,0,0,0.1379489503664602,0
2023-05-03,JPM,0,0,0.10005320577446668,0
2023-05-04,JPM,0,0,0.14165758593401656,0
2023-05-05,JPM,0,0,0.2592230159640321,0
2023-05-08,JPM,0,0,0.25859978081667073,0
2023-05-09,JPM,0,0,0.2313886970617233,0
2023-05-10,JPM,0,0,0.1937042335135189,0
2023-05-11,JPM,0,0,0.25067152083103666,0
2023-05-12,JPM,0,0,0.12820935684151896,0
2023-05-15,JPM,0,0,0.2413974127377026,0
2023-05-16,JPM,0,0,0.1830522107009152,0
2023-05-17,JPM,0,0,0.1501058630278571,0
2023-05-18,JPM,0,0,0.10966238784742338,0
2023-05-19,JPM,0,0,0.14231564658593043,0
2023-05-22,JPM,0,0,0.16590199949746479,0
2023-05-23,JPM,0,0,0.18925730907609692,0
2023-05-24,JPM,0,0,0.19038157114725018,0
2023-05-25,JPM,0,0,0.2411752846319413,0
2023-05-26,JPM,0,0,0.21336763392172448,0
2023-05-30,JPM,0,0,0.15282436695339208,0
2023-05-31,JPM,0,0,0.12774690045672368,0
2023-06-01,JPM,0,0,0.21328590077539247,0
2023-06-02,JPM,0,0,0.07243799037002913,0
2023-06-05,JPM,0,0,0.13885410813974894,0
2023-06-06,JPM,0,0,0.11080593060769763,0
2023-06-07,JPM,0,0,0.09660908984074584,0
2023-06-08,JPM,0,0,0.09164873443241676,0
2023-06-09,JPM,0,0,0.09228512276664151,0
2023-06-12,JPM,0,0,0.09949936397641745,0
2023-06-13,JPM,0,0,0.06969372626682804,0
2023-06-14,JPM,0,0,0.09180769576814055,0
2023-06-15,JPM,0,0,0.05683243346486769,0
2023-06-16,JPM,0,0,0.08247549323265682,0
2023-06-20,JPM,0,0,0.19545476101855794,0
2023-06-21,JPM,0,0,0.17536450527483932,0
2023-06-22,JPM,0,0,0.09412502779319522,0
2023-06-23,JPM,0,0,0.16287415716133646,0
2023-06-26,JPM,0,0,0.1809536197268865,0
2023-06-27,JPM,0,0,0.1720197459102803,0
2023-06-28,JPM,0,0,0.24648921904813562,0
2023-06-29,JPM,0,0,0.11416394442817542,0
2023-06-30,JPM,0,0,0.06392441012997811,0
2023-07-03,JPM,0,0,0.06428619513949901,0
2023-07-05,JPM,0,0,0.10106537426905322,0
2023-07-06,JPM,0,0,0.11466767044552557,0
2023-07-07,JPM,0,0,0.12162302894198822,0
2023-07-10,JPM,0,0,0.0983233559114027,0
2023-07-11,JPM,0,0,0.060137433138817836,0
2023-07-12,JPM,0,0,0.03921972932859301,0
2023-07-13,JPM,0,0,0.03808386462715147,0
2023-07-14,JPM,0,0,0.05677307489036038,0
2023-07-17,JPM,0,0,0.07805348259074059,0
2023-07-18,JPM,0,0,0.05754964935748341,0
2023-07-19,JPM,0,0,0.049588259321307636,0
2023-07-20,JPM,0,0,0.07758768855138076,0
2023-07-21,JPM,0,0,0.04682003359755898,0
2023-07-24,JPM,0,0,0.057659263419998816,0
2023-07-25,JPM,0,0,0.04471807662214239,0
2023-07-26,JPM,0,0,0.04282986798679053,0
2023-07-27,JPM,0,0,0.053047623863263026,0
2023-07-28,JPM,0,0,0.08423368785371947,0
2023-07-31,JPM,0,0,0.12112393623852455,0
2023-08-01,JPM,0,0,0.09951825248162473,0
2023-08-02,JPM,0,0,0.12279996084397513,0
2023-08-03,JPM,0,0,0.1940149632475221,0
2023-08-04,JPM,0,0,0.1419569501022715,0
2023-08-07,JPM,0,0,0.2261386814042397,0
2023-08-08,JPM,0,0,0.2302806908641606,0
2023-08-09,JPM,0,0,0.12004603590624448,0
2023-08-10,JPM,0,0,0.24558833886163584,0
2023-08-11,JPM,0,0,0.2536918963450807,0
2023-08-14,JPM,0,0,0.22885174253201815,0
2023-08-15,JPM,0,0,0.03780487650829769,0
2023-08-16,JPM,0,0,0.08417255337687508,0
2023-08-17,JPM,0,0,0.06602046390022932,0
2023-08-18,JPM,0,0,0.10217567908361071,0
2023-08-21,JPM,0,0,0.1202412515284604,0
2023-08-22,JPM,0,0,0.06455868426000044,0
2023-08-23,JPM,0,0,0.17878653173142497,0
2023-08-24,JPM,0,0,0.14372817922227168,0
2023-08-25,JPM,0,0,0.2151649279946426,0
2023-08-28,JPM,0,0,0.228728090338995,0
2023-08-29,JPM,0,0,0.24355512351965183,0
2023-08-30,JPM,0,0,0.19973602082742825,0
2023-08-31,JPM,0,0,0.11948255180853669,0
2023-09-01,JPM,0,0,0.2134101389319492,0
2023-09-05,JPM,0,0,0.12393448762690722,0
2023-09-06,JPM,0,0,0.22065059481097463,0
2023-09-07,JPM,0,0,0.19614443246442603,0
2023-09-08,JPM,0,0,0.23306501207061164,0
2023-09-11,JPM,0,0,0.27932541243649844,0
2023-09-12,JPM,0,0,0.2151646710048311,0
2023-09-13,JPM,0,0,0.2421594788773751,0
2023-09-14,JPM,0,0,0.11101404032218899,0
2023-09-15,JPM,0,0,0.06943436413237397,0
2023-09-18,JPM,0,0,0.07736850885731973,0
2023-09-19,JPM,0,0,0.09573002746010101,0
2023-09-20,JPM,0,0,0.14861496453347717,0
2023-09-21,JPM,0,0,0.14902749198431486,0
2023-09-22,JPM,0,0,0.18234568714914526,0
2023-09-25,JPM,0,0,0.20072556841281766,0
2023-09-26,JPM,0,0,0.19124304660761401,0
2023-09-27,JPM,0,0,0.23971535265940322,0
2023-09-28,JPM,0,0,0.218902936191581,0
2023-09-29,JPM,0,0,0.12815644016554978,0
2023-10-02,JPM,0,0,0.2036509976317444,0
2023-10-03,JPM,0,0,0.18363042546572475,0
2023-10-04,JPM,0,0,0.255814895830673,0
2023-10-05,JPM,0,0,0.21067628037910527,0
2023-10-06,JPM,0,0,0.21881789486072492,0
2023-10-09,JPM,0,0,0.2639256556041033,0
2023-10-10,JPM,0,0,0.25174622915458705,0
2023-10-11,JPM,0,0,0.20971208932325833,0
2023-10-12,JPM,0,0,0.24390102113535775,0
2023-10-13,JPM,0,0,0.1151441454335468,0
2023-10-16,JPM,0,0,0.16124740948787353,0
2023-10-17,JPM,0,0,0.16826313312535027,0
2023-10-18,JPM,0,0,0.16410881661120727,0
2023-10-19,JPM,0,0,0.19742670103985302,0
2023-10-20,JPM,0,0,0.19299983623090508,0
2023-10-23,JPM,0,0,0.18252574771494917,0
2023-10-24,JPM,0,0,0.26551814663001494,0
2023-10-25,JPM,0,0,0.22420348353784963,0
2023-10-26,JPM,0,0,0.24152411636224894,0
2023-10-27,JPM,0,0,0.049576729253242406,0
2023-10-30,JPM,0,0,0.1801261808391395,0
2023-10-31,JPM,0,0,0.24988610592177296,0
2023-11-01,JPM,0,0,0.23855003647218742,0
2023-11-02,JPM,0,0,0.4147077240149062,0
2023-11-03,JPM,0,0,0.30810891196614654,0
2023-11-06,JPM,0,0,0.23854871881245637,0
2023-11-07,JPM,0,0,0.21073520734198573,0
2023-11-08,JPM,0,0,0.18058067796914584,0
2023-11-09,JPM,0,0,0.1445126752827639,0
2023-11-10,JPM,0,0,0.11124119837401591,0
2023-11-13,JPM,0,0,0.08211429411198849,0
2023-11-14,JPM,0,0,0.12181670031595518,0
2023-11-15,JPM,0,0,0.05663648782116347,0
2023-11-16,JPM,0,0,0.07243896888603384,0
2023-11-17,JPM,0,0,0.07395153203945418,0
2023-11-20,JPM,0,0,0.07398913762000472,0
2023-11-21,JPM,0,0,0.06975488486513384,0
2023-11-22,JPM,0,0,0.06197433322374064,0
2023-11-24,JPM,0,0,0.08549244911836287,0
2023-11-27,JPM,0,0,0.11447496453732832,0
2023-11-28,JPM,0,0,0.1232083296788244,0
2023-11-29,JPM,0,0,0.15565236331777843,0
2023-11-30,JPM,0,0,0.10215633472664037,0
2023-12-01,JPM,0,0,0.1361637491487348,0
2023-12-04,JPM,0,0,0.14476552615696464,0
2023-12-05,JPM,0,0,0.14551422614388365,0
2023-12-06,JPM,0,0,0.209920428989047,0
2023-12-07,JPM,0,0,0.21765082822815818,0
2023-12-08,JPM,0,0,0.14857536255832857,0
2023-12-11,JPM,0,0,0.11270685932746316,0
2023-12-12,JPM,0,0,0.09006743743521767,0
2023-12-13,JPM,0,0,0.07063064099422285,0
2023-12-14,JPM,0,0,0.07341449098334275,0
2023-12-15,JPM,0,0,0.07193164725516503,0
2023-12-18,JPM,0,0,0.08114066627401181,0
2023-12-19,JPM,0,0,0.059826115232326525,0
2023-12-20,JPM,0,0,0.04520093794344703,0
2023-12-21,JPM,0,0,0.06390925375307563,0
2023-12-22,JPM,0,0,0.050753211545202105,0
2023-12-26,JPM,0,0,0.06879391005682302,0
2023-12-27,JPM,0,0,0.04039854299345748,0
2023-12-28,JPM,0,0,0.03324610361075274,0
2023-12-29,JPM,0,0,0.06765119477790185,0
2021-11-26,KO,0,0,0.047062715341477004,0
2021-11-29,KO,0,0,0.1301645789317057,0
2021-11-30,KO,0,0,0.06442954429471338,0
2021-12-01,KO,0,0,0.1604453304127798,0
2021-12-02,KO,0,0,0.3633793983224967,0
2021-12-03,KO,0,0,0.3045908423947887,0
2021-12-06,KO,0,0,0.5434903746542089,1
2021-12-07,KO,0,0,0.30304787157818663,0
2021-12-08,KO,0,0,0.2696549543712635,0
2021-12-09,KO,0,0,0.264285852497582,0
2021-12-10,KO,0,0,0.4420345437518012,0
2021-12-13,KO,0,0,0.2902890918567841,0
2021-12-14,KO,0,0,0.0816726708844184,0
2021-12-15,KO,0,0,0.09314838177077836,0
2021-12-16,KO,0,0,0.0904702595653985,0
2021-12-17,KO,0,0,0.051677540611090096,0
2021-12-20,KO,0,0,0.09613716859628636,0
2021-12-21,KO,0,1,0.10637510498586575,0
2021-12-22,KO,0,1,0.12189516170401885,0
2021-12-23,KO,0,1,0.0869804655816139,0
2021-12-27,KO,1,1,0.8123522140440956,1
2021-12-28,KO,1,1,0.8301759463374858,1
2021-12-29,KO,1,1,0.8892243218246619,1
2021-12-30,KO,0,0,0.1363286431667589,0
2021-12-31,KO,0,0,0.10264122454399062,0
2022-01-03,KO,0,0,0.13115906813837083,0
2022-01-04,KO,0,0,0.0742965079438818,0
2022-01-05,KO,0,0,0.07301304197522852,0
2022-01-06,KO,0,0,0.13179865923667036,0
2022-01-07,KO,0,0,0.15174422565229492,0
2022-01-10,KO,0,0,0.191087739161293,0
2022-01-11,KO,0,0,0.1478428166378853,0
2022-01-12,KO,0,0,0.1388110312354409,0
2022-01-13,KO,0,0,0.09598807084074448,0
2022-01-14,KO,0,0,0.06157462863527015,0
2022-01-18,KO,0,0,0.16693158959668536,0
2022-01-19,KO,0,0,0.20591654990240382,0
2022-01-20,KO,0,0,0.22055123132022184,0
2022-01-21,KO,0,0,0.22648176338020456,0
2022-01-24,KO,0,0,0.17130931626125825,0
2022-01-25,KO,0,0,0.17773361630007242,0
2022-01-26,KO,0,0,0.17637598987433256,0
2022-01-27,KO,0,0,0.17886857324688757,0
2022-01-28,KO,0,0,0.09213841833854508,0
2022-01-31,KO,0,0,0.12163612909283503,0
2022-02-01,KO,0,0,0.09592235887744142,0
2022-02-02,KO,0,0,0.11330146758029104,0
2022-02-03,KO,0,0,0.10237895280281259,0
2022-02-04,KO,0,0,0.10649299115695192,0
2022-02-07,KO,0,0,0.06686859621332276,0
2022-02-08,KO,0,0,0.07469058079859839,0
2022-02-09,KO,0,0,0.06799558099807422,0
2022-02-10,KO,0,0,0.08051970753949793,0
2022-02-11,KO,0,0,0.05024822514592909,0
2022-02-14,KO,0,0,0.09373480421507736,0
2022-02-15,KO,0,0,0.10437802371086001,0
2022-02-16,KO,0,0,0.08120417999291116,0
2022-02-17,KO,0,0,0.06704000223487354,0
2022-02-18,KO,0,0,0.04854533784694688,0
2022-02-22,KO,0,0,0.06561414859396529,0
2022-02-23,KO,0,0,0.06071927212093145,0
2022-02-24,KO,0,0,0.04950343830578043,0
2022-02-25,KO,0,0,0.10780283284399728,0
2022-02-28,KO,0,0,0.08038497528008838,0
2022-03-01,KO,0,0,0.11977143925663546,0
2022-03-02,KO,0,0,0.10429678358261232,0
2022-03-03,KO,0,0,0.11417238068810924,0
2022-03-04,KO,0,0,0.15810569582718775,0
2022-03-07,KO,0,0,0.05029643538765178,0
2022-03-08,KO,0,0,0.06397744746888276,0
2022-03-09,KO,0,0,0.17055790242082802,0
2022-03-10,KO,0,0,0.08766542702874307,0
2022-03-11,KO,0,0,0.16159279132555407,0
2022-03-14,KO,0,0,0.26815641464820517,0
2022-03-15,KO,0,0,0.4801003977917218,1
2022-03-16,KO,0,0,0.267508598653683,0
2022-03-17,KO,0,0,0.34938869274744294,0
2022-03-18,KO,0,0,0.2833922167597471,0
2022-03-21,KO,0,0,0.3191227922800838,0
2022-03-22,KO,0,0,0.23132012803739155,0
2022-03-23,KO,0,0,0.1761357238743136,0
2022-03-24,KO,0,0,0.2337888746042531,0
2022-03-25,KO,0,0,0.21942181128346566,0
2022-03-28,KO,0,0,0.18866713251907113,0
2022-03-29,KO,0,0,0.13426694185636898,0
2022-03-30,KO,0,0,0.11061208949969455,0
2022-03-31,KO,0,0,0.18584989342048105,0
2022-04-01,KO,0,0,0.09383819178821941,0
2022-04-04,KO,0,0,0.1371863788346141,0
2022-04-05,KO,0,0,0.08258618740214949,0
2022-04-06,KO,0,0,0.05126893477354521,0
2022-04-07,KO,0,0,0.0559341656317692,0
2022-04-08,KO,0,0,0.059889689265352965,0
2022-04-11,KO,0,0,0.06880463075354121,0
2022-04-12,KO,0,0,0.04469241142956242,0
2022-04-13,KO,0,0,0.06113607084393788,0
2022-04-14,KO,0,0,0.05305718270084824,0
2022-04-18,KO,0,0,0.10140315935259785,0
2022-04-19,KO,0,0,0.03673582614762066,0
2022-04-20,KO,0,0,0.03879705110793649,0
2022-04-21,KO,0,0,0.040213638468213554,0
2022-04-22,KO,0,0,0.07547710950835942,0
2022-04-25,KO,0,0,0.048435196126062875,0
2022-04-26,KO,0,0,0.06356740107104342,0
2022-04-27,KO,0,0,0.08386062184710646,0
2022-04-28,KO,0,0,0.055620938233381774,0
2022-04-29,KO,0,0,0.051621806803955554,0
2022-05-02,KO,0,1,0.03897233098445132,0
2022-05-03,KO,0,1,0.05700994085110569,0
2022-05-04,KO,0,1,0.09854720474585575,0
2022-05-05,KO,1,1,0.364531852232695,0
2022-05-06,KO,1,1,0.3758114672124356,0
2022-05-09,KO,1,1,0.4004491699445573,0
2022-05-10,KO,0,0,0.0672629251104083,0
2022-05-11,KO,0,0,0.10279088966876883,0
2022-05-12,KO,0,0,0.09773646450398527,0
2022-05-13,KO,0,0,0.09833214268037202,0
2022-05-16,KO,0,0,0.0632122700337678,0
2022-05-17,KO,0,0,0.05954027867542755,0
2022-05-18,KO,0,0,0.06449733813243469,0
2022-05-19,KO,0,0,0.06434352030067794,0
2022-05-20,KO,0,0,0.30531624319297956,0
2022-05-23,KO,0,0,0.44721418520400696,0
2022-05-24,KO,0,0,0.4786232759561724,1
2022-05-25,KO,0,0,0.28700126072651294,0
2022-05-26,KO,0,0,0.27555233917464306,0
2022-05-27,KO,0,0,0.3073681197852766,0
2022-05-31,KO,0,0,0.17436139704467066,0
2022-06-01,KO,0,0,0.26436753454859635,0
2022-06-02,KO,0,0,0.2670822079134861,0
2022-06-03,KO,0,0,0.13168231408330944,0
2022-06-06,KO,0,0,0.18989483706658375,0
2022-06-07,KO,0,0,0.22381848578307162,0
2022-06-08,KO,0,0,0.16377946444033428,0
2022-06-09,KO,0,0,0.10177192853113458,0
2022-06-10,KO,0,0,0.1451998664958676,0
2022-06-13,KO,0,0,0.17196376335280852,0
2022-06-14,KO,0,0,0.059698932616323454,0
2022-06-15,KO,0,0,0.20812642733530706,0
2022-06-16,KO,0,0,0.08188646843026133,0
2022-06-17,KO,0,0,0.09614462779088795,0
2022-06-21,KO,0,0,0.28420049684899246,0
2022-06-22,KO,0,0,0.19638715459665318,0
2022-06-23,KO,0,0,0.23715725065480076,0
2022-06-24,KO,0,0,0.3962845492378118,0
2022-06-27,KO,0,0,0.11497441984136193,0
2022-06-28,KO,0,0,0.1203713788116243,0
2022-06-29,KO,0,0,0.1715171216794004,0
2022-06-30,KO,0,0,0.1293469063040523,0
2022-07-01,KO,0,0,0.1870910827085837,0
2022-07-05,KO,0,0,0.06138389774445466,0
2022-07-06,KO,0,0,0.08204921896877494,0
2022-07-07,KO,0,0,0.08756685896154526,0
2022-07-08,KO,0,0,0.11543759994488265,0
2022-07-11,KO,0,0,0.12081922852296226,0
2022-07-12,KO,0,0,0.14265740119102502,0
2022-07-13,KO,0,0,0.12745879376153596,0
2022-07-14,KO,0,0,0.10694421325916546,0
2022-07-15,KO,0,0,0.1480440190143448,0
2022-07-18,KO,0,0,0.161338858993914,0
2022-07-19,KO,0,0,0.15739949750461224,0
2022-07-20,KO,0,0,0.06726669448524326,0
2022-07-21,KO,0,0,0.14046708412043601,0
2022-07-22,KO,0,0,0.18504730495695,0
2022-07-25,KO,0,0,0.18762639189436167,0
2022-07-26,KO,0,0,0.14909260688655857,0
2022-07-27,KO,0,0,0.14236631895449184,0
2022-07-28,KO,0,0,0.09008830442681932,0
2022-07-29,KO,0,0,0.06283663190745582,0
2022-08-01,KO,0,0,0.06385952839292325,0
2022-08-02,KO,0,0,0.06537329172611119,0
2022-08-03,KO,0,0,0.06695374176642073,0
2022-08-04,KO,0,0,0.07477488690965517,0
2022-08-05,KO,0,0,0.07891026918591415,0
2022-08-08,KO,0,0,0.07851462241777718,0
2022-08-09,KO,0,0,0.09669465668494001,0
2022-08-10,KO,0,0,0.09897918089259412,0
2022-08-11,KO,0,0,0.189742810024289,0
2022-08-12,KO,0,0,0.16042640103849193,0
2022-08-15,KO,0,0,0.0688686483776114,0
2022-08-16,KO,0,0,0.09535927876402558,0
2022-08-17,KO,0,0,0.1400043191424698,0
2022-08-18,KO,0,0,0.12412777030417672,0
2022-08-19,KO,0,0,0.12561477961573073,0
2022-08-22,KO,0,0,0.07417558108932491,0
2022-08-23,KO,0,0,0.08844367625128563,0
2022-08-24,KO,0,0,0.09170107837834669,0
2022-08-25,KO,0,0,0.09929083908992503,0
2022-08-26,KO,0,0,0.041299553065183625,0
2022-08-29,KO,0,0,0.05565128324259017,0
2022-08-30,KO,0,0,0.046713549224577336,0
2022-08-31,KO,0,0,0.05352699766013687,0
2022-09-01,KO,0,0,0.11926123237865358,0
2022-09-02,KO,0,0,0.06895197558996413,0
2022-09-06,KO,0,0,0.14155322627146003,0
2022-09-07,KO,0,0,0.22958886918430668,0
2022-09-08,KO,0,0,0.17022228483510057,0
2022-09-09,KO,0,1,0.2012356175346903,0
2022-09-12,KO,0,1,0.22067205928411487,0
2022-09-13,KO,0,1,0.07624732056294846,0
2022-09-14,KO,1,1,0.4387836898651699,0
2022-09-15,KO,1,1,0.3612728152612962,0
2022-09-16,KO,1,1,0.42787121160059893,0
2022-09-19,KO,0,0,0.1389159227829426,0
2022-09-20,KO,0,0,0.1196986626801321,0
2022-09-21,KO,0,0,0.08256115537521155,0
2022-09-22,KO,0,0,0.0997402753105463,0
2022-09-23,KO,0,0,0.07194835252420848,0
2022-09-26,KO,0,0,0.05887676520025662,0
2022-09-27,KO,0,0,0.0468212974857488,0
2022-09-28,KO,0,0,0.15832294080736328,0
2022-09-29,KO,0,0,0.12030710956134685,0
2022-09-30,KO,0,0,0.1029062186774721,0
2022-10-03,KO,0,0,0.1947569715808012,0
2022-10-04,KO,0,0,0.1435423281893084,0
2022-10-05,KO,0,0,0.14673640419863837,0
2022-10-06,KO,0,0,0.05852985678927522,0
2022-10-07,KO,0,0,0.12103422292574943,0
2022-10-10,KO,0,0,0.149837599216561,0
2022-10-11,KO,0,0,0.16806307231450565,0
2022-10-12,KO,0,0,0.18600549669935634,0
2022-10-13,KO,0,0,0.2376731876229911,0
2022-10-14,KO,0,0,0.11544213848322317,0
2022-10-17,KO,0,0,0.25934674779042477,0
2022-10-18,KO,0,0,0.2373737413168558,0
2022-10-19,KO,0,0,0.20063780056594874,0
2022-10-20,KO,0,0,0.16309142655693437,0
2022-10-21,KO,0,0,0.22174670247129696,0
2022-10-24,KO,0,0,0.1757705110229824,0
2022-10-25,KO,0,0,0.13317468014177483,0
2022-10-26,KO,0,0,0.06670631362410392,0
2022-10-27,KO,0,0,0.04758963866343657,0
2022-10-28,KO,0,0,0.10413718414069129,0
2022-10-31,KO,0,0,0.05741578950334013,0
2022-11-01,KO,0,0,0.06701523429433488,0
2022-11-02,KO,0,0,0.0592847643895494,0
2022-11-03,KO,0,0,0.06697377101493318,0
2022-11-04,KO,0,0,0.08532138721779027,0
2022-11-07,KO,0,0,0.06985629953533067,0
2022-11-08,KO,0,0,0.07748714808333027,0
2022-11-09,KO,0,0,0.07032210317937274,0
2022-11-10,KO,0,0,0.11918382497176996,0
2022-11-11,KO,0,0,0.05304376508248581,0
2022-11-14,KO,0,0,0.04295445688917817,0
2022-11-15,KO,0,0,0.06775444195888429,0
2022-11-16,KO,0,0,0.08354414986433582,0
2022-11-17,KO,0,0,0.09274481491104829,0
2022-11-18,KO,0,0,0.08662318877273924,0
2022-11-21,KO,0,0,0.051372257735270516,0
2022-11-22,KO,0,0,0.052309317719735175,0
2022-11-23,KO,0,0,0.05811876938099075,0
2022-11-25,KO,0,0,0.11810114459169149,0
2022-11-28,KO,0,0,0.13005250454596967,0
2022-11-29,KO,0,0,0.15168058735445403,0
2022-11-30,KO,0,0,0.07343868177117831,0
2022-12-01,KO,0,0,0.12222402756374151,0
2022-12-02,KO,0,0,0.0967104544967235,0
2022-12-05,KO,0,0,0.09230632180987106,0
2022-12-06,KO,0,0,0.13002235681137567,0
2022-12-07,KO,0,0,0.13864784941252428,0
2022-12-08,KO,0,0,0.12024457571143152,0
2022-12-09,KO,0,0,0.08237318953758781,0
2022-12-12,KO,0,0,0.09031774758598325,0
2022-12-13,KO,0,0,0.08590067537166043,0
2022-12-14,KO,0,0,0.09546541908070655,0
2022-12-15,KO,0,0,0.06282762063399867,0
2022-12-16,KO,0,0,0.082423586878148,0
2022-12-19,KO,0,0,0.1828723854405781,0
2022-12-20,KO,0,0,0.13903990705120886,0
2022-12-21,KO,0,0,0.07883488280981597,0
2022-12-22,KO,0,0,0.07700620649636016,0
2022-12-23,KO,0,0,0.08760873084578633,0
2022-12-27,KO,0,0,0.07928487192984005,0
2022-12-28,KO,0,0,0.0642889352105885,0
2022-12-29,KO,0,0,0.09276276940201872,0
2022-12-30,KO,0,0,0.08253604806328507,0
2023-01-03,KO,0,0,0.05607872374478936,0
2023-01-04,KO,0,0,0.08493535951806414,0
2023-01-05,KO,0,0,0.058806829871144224,0
2023-01-06,KO,0,0,0.09997742035806653,0
2023-01-09,KO,0,0,0.07690874659490046,0
2023-01-10,KO,0,0,0.09101875257827718,0
2023-01-11,KO,0,0,0.10376070872419828,0
2023-01-12,KO,0,0,0.0799873011533553,0
2023-01-13,KO,0,0,0.17086658114441247,0
2023-01-17,KO,0,0,0.20088790757096223,0
2023-01-18,KO,0,0,0.05156702294468595,0
2023-01-19,KO,0,0,0.14116086454274343,0
2023-01-20,KO,0,0,0.18487269922797678,0
2023-01-23,KO,0,0,0.16028635078741818,0
2023-01-24,KO,0,0,0.21859267691391687,0
2023-01-25,KO,0,0,0.235324101460568,0
2023-01-26,KO,0,0,0.20490087896741374,0
2023-01-27,KO,0,0,0.1592275976805246,0
2023-01-30,KO,0,0,0.1969820329594525,0
2023-01-31,KO,0,0,0.1883819203972985,0
2023-02-01,KO,0,0,0.20262349155019768,0
2023-02-02,KO,0,0,0.12890990234799748,0
2023-02-03,KO,0,0,0.10189720612078335,0
2023-02-06,KO,0,0,0.2010365183450971,0
2023-02-07,KO,0,0,0.20218314765852566,0
2023-02-08,KO,0,0,0.21513959317124592,0
2023-02-09,KO,0,0,0.24002717388655934,0
2023-02-10,KO,0,0,0.23030850264182195,0
2023-02-13,KO,0,0,0.22890165219686384,0
2023-02-14,KO,0,0,0.09687121489393759,0
2023-02-15,KO,0,0,0.16176496912425778,0
2023-02-16,KO,0,0,0.12732795723867743,0
2023-02-17,KO,0,0,0.15812945331000428,0
2023-02-21,KO,0,0,0.16755776918802257,0
2023-02-22,KO,0,0,0.18437592357826532,0
2023-02-23,KO,0,0,0.19942244814961035,0
2023-02-24,KO,0,0,0.17555322930864456,0
2023-02-27,KO,0,0,0.18817215938709553,0
2023-02-28,KO,0,0,0.18390902935158043,0
2023-03-01,KO,0,0,0.18472901306241774,0
2023-03-02,KO,0,0,0.19007614583949628,0
2023-03-03,KO,0,0,0.2034089120017217,0
2023-03-06,KO,0,0,0.1941016534853009,0
2023-03-07,KO,0,0,0.1958908660658064,0
2023-03-08,KO,0,0,0.19993394373592344,0
2023-03-09,KO,0,0,0.16177050952513766,0
2023-03-10,KO,0,0,0.2235310691422262,0
2023-03-13,KO,0,0,0.21614493739028043,0
2023-03-14,KO,0,0,0.2084165705114703,0
2023-03-15,KO,0,0,0.12097095292120663,0
2023-03-16,KO,0,0,0.15379468596069187,0
2023-03-17,KO,0,0,0.15547591097941502,0
2023-03-20,KO,0,0,0.2192855016189337,0
2023-03-21,KO,0,0,0.21135723629891676,0
2023-03-22,KO,0,0,0.22657688218628622,0
2023-03-23,KO,0,0,0.19465159726643955,0
2023-03-24,KO,0,0,0.1247865111366739,0
2023-03-27,KO,0,0,0.12154500803014301,0
2023-03-28,KO,0,0,0.1312836718661174,0
2023-03-29,KO,0,0,0.10703920579613675,0
2023-03-30,KO,0,0,0.12077354996497537,0
2023-03-31,KO,0,0,0.10097393684653916,0
2023-04-03,KO,0,0,0.07676398404586275,0
2023-04-04,KO,0,0,0.125355889825002,0
2023-04-05,KO,0,0,0.08049434733491719,0
2023-04-06,KO,0,0,0.11846262984633407,0
2023-04-10,KO,0,0,0.1760362439279418,0
2023-04-11,KO,0,0,0.20469634243563317,0
2023-04-12,KO,0,0,0.24516373317108697,0
2023-04-13,KO,0,0,0.2073716288778656,0
2023-04-14,KO,0,0,0.2538342305566457,0
2023-04-17,KO,0,0,0.1853649518627733,0
2023-04-18,KO,0,0,0.2199812873670182,0
2023-04-19,KO,0,0,0.19432850811485766,0
2023-04-20,KO,0,0,0.2636129910518104,0
2023-04-21,KO,0,0,0.3174460082881795,0
2023-04-24,KO,0,0,0.3311148598526991,0
2023-04-25,KO,0,0,0.36112518156788176,0
2023-04-26,KO,0,0,0.29707509591962017,0
2023-04-27,KO,0,0,0.40372798402134635,0
2023-04-28,KO,0,0,0.17628971871478452,0
2023-05-01,KO,0,0,0.3284952587403086,0
2023-05-02,KO,0,0,0.274902517824454,0
2023-05-03,KO,0,0,0.18674830179307836,0
2023-05-04,KO,0,0,0.17006117503423493,0
2023-05-05,KO,0,0,0.18927834232095211,0
2023-05-08,KO,0,0,0.19756903771840176,0
2023-05-09,KO,0,0,0.11825909514453367,0
2023-05-10,KO,0,0,0.15208639600896115,0
2023-05-11,KO,0,0,0.1299701511420967,0
2023-05-12,KO,0,0,0.13177771751966846,0
2023-05-15,KO,0,0,0.12463573554451915,0
2023-05-16,KO,0,0,0.08997648919339077,0
2023-05-17,KO,0,0,0.0980665282392557,0
2023-05-18,KO,0,0,0.11272537184871446,0
2023-05-19,KO,0,0,0.11017156614579254,0
2023-05-22,KO,0,0,0.052840896878152334,0
2023-05-23,KO,0,0,0.11997218816094417,0
2023-05-24,KO,0,0,0.09698489785721055,0
2023-05-25,KO,0,0,0.10394218989602855,0
2023-05-26,KO,0,0,0.15927292143353283,0
2023-05-30,KO,0,0,0.1275190164738496,0
2023-05-31,KO,0,0,0.1414895151577304,0
2023-06-01,KO,0,0,0.1644738381126451,0
2023-06-02,KO,0,0,0.2507933111689231,0
2023-06-05,KO,0,0,0.1737557644742248,0
2023-06-06,KO,0,0,0.1389361084606926,0
2023-06-07,KO,0,0,0.1670491501114942,0
2023-06-08,KO,0,0,0.2015318091081171,0
2023-06-09,KO,0,0,0.21769323258681808,0
2023-06-12,KO,0,0,0.20443601962553154,0
2023-06-13,KO,0,0,0.2787377604227021,0
2023-06-14,KO,0,0,0.20086811596823861,0
2023-06-15,KO,0,0,0.1619727585272847,0
2023-06-16,KO,0,0,0.2214868298666399,0
2023-06-20,KO,0,0,0.28695795363847915,0
2023-06-21,KO,0,0,0.24652412727839404,0
2023-06-22,KO,0,0,0.160863904494184,0
2023-06-23,KO,0,0,0.20568429981017639,0
2023-06-26,KO,0,0,0.2414601873206497,0
2023-06-27,KO,0,0,0.1991920524821052,0
2023-06-28,KO,0,0,0.1719789577174543,0
2023-06-29,KO,0,0,0.2019369201409259,0
2023-06-30,KO,0,0,0.25640817249269554,0
2023-07-03,KO,0,0,0.2665806763201745,0
2023-07-05,KO,0,0,0.19000257160059994,0
2023-07-06,KO,0,0,0.2097806899953857,0
2023-07-07,KO,0,0,0.16346967796359996,0
2023-07-10,KO,0,0,0.20567021426230045,0
2023-07-11,KO,0,0,0.30204337475062887,0
2023-07-12,KO,0,0,0.2916857673735954,0
2023-07-13,KO,0,0,0.24365872592975682,0
2023-07-14,KO,0,0,0.20867107634942425,0
2023-07-17,KO,0,0,0.23751234556934492,0
2023-07-18,KO,0,0,0.22971849570397201,0
2023-07-19,KO,0,0,0.11571250062120382,0
2023-07-20,KO,0,0,0.0906107422037417,0
2023-07-21,KO,0,0,0.10341689473598456,0
2023-07-24,KO,0,0,0.11151834362759362,0
2023-07-25,KO,0,0,0.11521565943078353,0
2023-07-26,KO,0,0,0.06287645094109089,0
2023-07-27,KO,0,0,0.09016976482388352,0
2023-07-28,KO,0,0,0.08140104077669298,0
2023-07-31,KO,0,0,0.07095506937827106,0
2023-08-01,KO,0,0,0.09320847880095816,0
2023-08-02,KO,0,0,0.14802928855311814,0
2023-08-03,KO,0,0,0.17990321826135935,0
2023-08-04,KO,0,0,0.10802767750438053,0
2023-08-07,KO,0,0,0.08531847768604135,0
2023-08-08,KO,0,0,0.07822629640599757,0
2023-08-09,KO,0,0,0.1757036128923438,0
2023-08-10,KO,0,0,0.18162041530065287,0
2023-08-11,KO,0,0,0.20736146462919622,0
2023-08-14,KO,0,0,0.22452959483031515,0
2023-08-15,KO,0,0,0.19799931089113273,0
2023-08-16,KO,0,0,0.22526369706648622,0
2023-08-17,KO,0,0,0.2183907968640516,0
2023-08-18,KO,0,0,0.23497029416823736,0
2023-08-21,KO,0,0,0.2502503442269042,0
2023-08-22,KO,0,0,0.3108354715511518,0
2023-08-23,KO,0,0,0.3200172040218719,0
2023-08-24,KO,0,0,0.26014568742858574,0
2023-08-25,KO,0,0,0.24644848148726686,0
2023-08-28,KO,0,0,0.23884570211964104,0
2023-08-29,KO,0,0,0.21971907637098312,0
2023-08-30,KO,0,0,0.22536714856733692,0
2023-08-31,KO,0,0,0.1623934917396856,0
2023-09-01,KO,0,0,0.21598678059813656,0
2023-09-05,KO,0,0,0.23793994887678457,0
2023-09-06,KO,0,0,0.2958403817526892,0
2023-09-07,KO,0,0,0.2642779105110464,0
2023-09-08,KO,0,0,0.2969138459071185,0
2023-09-11,KO,0,0,0.2549867729942859,0
2023-09-12,KO,0,0,0.2612161584715281,0
2023-09-13,KO,0,0,0.39974888964438804,0
2023-09-14,KO,0,0,0.3784371297630058,0
2023-09-15,KO,0,0,0.23295554510307742,0
2023-09-18,KO,0,0,0.2385282530148918,0
2023-09-19,KO,0,0,0.34414872040056876,0
2023-09-20,KO,0,0,0.32232302803039975,0
2023-09-21,KO,0,0,0.1253799245544965,0
2023-09-22,KO,0,0,0.178974317701369,0
2023-09-25,KO,0,0,0.1952441850808813,0
2023-09-26,KO,0,0,0.2595561987796455,0
2023-09-27,KO,0,0,0.2619685973146023,0
2023-09-28,KO,0,0,0.3524625437357612,0
2023-09-29,KO,0,0,0.33979152091618886,0
2023-10-02,KO,0,0,0.29576126433562455,0
2023-10-03,KO,0,0,0.23767580015360318,0
2023-10-04,KO,0,0,0.3594681232785908,0
2023-10-05,KO,0,0,0.06435426257231541,0
2023-10-06,KO,0,0,0.1760847521483864,0
2023-10-09,KO,0,0,0.14281903225092762,0
2023-10-10,KO,0,0,0.3291601526008443,0
2023-10-11,KO,0,0,0.2586535625413911,0
2023-10-12,KO,0,0,0.1472884076245913,0
2023-10-13,KO,0,0,0.2406980714126709,0
2023-10-16,KO,0,0,0.3052732861483658,0
2023-10-17,KO,0,0,0.32061462006818053,0
2023-10-18,KO,0,0,0.2983745520480666,0
2023-10-19,KO,0,0,0.221472338083427,0
2023-10-20,KO,0,0,0.22632256726290634,0
2023-10-23,KO,0,0,0.2144825897573783,0
2023-10-24,KO,0,0,0.28349645266546847,0
2023-10-25,KO,0,0,0.09074391327426588,0
2023-10-26,KO,0,0,0.09439515988329075,0
2023-10-27,KO,0,0,0.11203065621465709,0
2023-10-30,KO,0,0,0.13996999984694766,0
2023-10-31,KO,0,0,0.11861685660499915,0
2023-11-01,KO,0,0,0.11019995584751936,0
2023-11-02,KO,0,0,0.07100193116500755,0
2023-11-03,KO,0,0,0.04391334200421476,0
2023-11-06,KO,0,0,0.054986283653480066,0
2023-11-07,KO,0,0,0.04946210778484537,0
2023-11-08,KO,0,0,0.06029399774460651,0
2023-11-09,KO,0,0,0.1172716745952485,0
2023-11-10,KO,0,0,0.19160695253575538,0
2023-11-13,KO,0,0,0.2221741857961436,0
2023-11-14,KO,0,0,0.24195946258406087,0
2023-11-15,KO,0,0,0.22005595916840193,0
2023-11-16,KO,0,0,0.24633719348025315,0
2023-11-17,KO,0,0,0.2798370088450563,0
2023-11-20,KO,0,0,0.28181528361618746,0
2023-11-21,KO,0,0,0.09383479313764008,0
2023-11-22,KO,0,0,0.10681478320625942,0
2023-11-24,KO,0,0,0.20112054901509116,0
2023-11-27,KO,0,0,0.19857910115648386,0
2023-11-28,KO,0,0,0.2136428664109835,0
2023-11-29,KO,0,0,0.24944597113941508,0
2023-11-30,KO,0,0,0.19746948902858505,0
2023-12-01,KO,0,0,0.1766141404523167,0
2023-12-04,KO,0,0,0.20191396192462294,0
2023-12-05,KO,0,0,0.1999208582072596,0
2023-12-06,KO,0,0,0.34166077531164973,0
2023-12-07,KO,0,0,0.3189161181330628,0
2023-12-08,KO,0,0,0.44341562238260496,0
2023-12-11,KO,0,0,0.19508007721370507,0
2023-12-12,KO,0,0,0.15346707863078854,0
2023-12-13,KO,0,0,0.11574525579476379,0
2023-12-14,KO,0,0,0.11229106850376719,0
2023-12-15,KO,0,0,0.09017157680144111,0
2023-12-18,KO,0,0,0.13263069935826324,0
2023-12-19,KO,0,0,0.07985118958891392,0
2023-12-20,KO,0,0,0.07327577162642854,0
2023-12-21,KO,0,0,0.11834157800150998,0
2023-12-22,KO,0,0,0.11405885981247584,0
2023-12-26,KO,0,0,0.11453867474113597,0
2023-12-27,KO,0,0,0.12201807325668788,0
2023-12-28,KO,0,0,0.12375996000678427,0
2023-12-29,KO,0,0,0.12433963954461966,0
2021-11-26,MSFT,0,0,0.05903968959947232,0
2021-11-29,MSFT,0,0,0.10628229463874912,0
2021-11-30,MSFT,0,0,0.05204509907297784,0
2021-12-01,MSFT,0,0,0.08143571870347399,0
2021-12-02,MSFT,0,0,0.07711107387435098,0
2021-12-03,MSFT,0,0,0.03410921498656403,0
2021-12-06,MSFT,0,0,0.0970085957364335,0
2021-12-07,MSFT,0,0,0.1483168996461804,0
2021-12-08,MSFT,0,0,0.15857000549074649,0
2021-12-09,MSFT,0,0,0.13913240759933204,0
2021-12-10,MSFT,0,0,0.12765496611079383,0
2021-12-13,MSFT,0,0,0.13412667200449035,0
2021-12-14,MSFT,0,0,0.07468809153415634,0
2021-12-15,MSFT,0,0,0.2223376480847447,0
2021-12-16,MSFT,0,0,0.11221712095143434,0
2021-12-17,MSFT,0,0,0.151611085652528,0
2021-12-20,MSFT,0,0,0.15961656803190563,0
2021-12-21,MSFT,0,1,0.2741989049299469,0
2021-12-22,MSFT,0,1,0.2955426952423971,0
2021-12-23,MSFT,0,1,0.18095560663339272,0
2021-12-27,MSFT,1,1,0.742075362690805,1
2021-12-28,MSFT,1,1,0.8634034035785199,1
2021-12-29,MSFT,1,1,0.5965412780023432,1
2021-12-30,MSFT,0,0,0.10573380512919384,0
2021-12-31,MSFT,0,0,0.12182038507476932,0
2022-01-03,MSFT,0,0,0.11810469342898701,0
2022-01-04,MSFT,0,0,0.0682503912306006,0
2022-01-05,MSFT,0,0,0.06968481975414398,0
2022-01-06,MSFT,0,0,0.11620208239032169,0
2022-01-07,MSFT,0,0,0.1752346717404096,0
2022-01-10,MSFT,0,0,0.10981040176763929,0
2022-01-11,MSFT,0,0,0.1268571640998836,0
2022-01-12,MSFT,0,0,0.08686516482908464,0
2022-01-13,MSFT,0,0,0.02339647016143062,0
2022-01-14,MSFT,0,0,0.22741441599411175,0
2022-01-18,MSFT,0,0,0.030165261340627213,0
2022-01-19,MSFT,0,0,0.0975467662523904,0
2022-01-20,MSFT,0,0,0.07123225424852349,0
2022-01-21,MSFT,0,0,0.03144080297390931,0
2022-01-24,MSFT,0,0,0.08137659511001503,0
2022-01-25,MSFT,0,0,0.029133635460286075,0
2022-01-26,MSFT,0,0,0.1447150178894321,0
2022-01-27,MSFT,0,0,0.14593855143546053,0
2022-01-28,MSFT,0,0,0.24369886688079884,0
2022-01-31,MSFT,0,0,0.17327044163190095,0
2022-02-01,MSFT,0,0,0.10985225197224063,0
2022-02-02,MSFT,0,0,0.17356465945825927,0
2022-02-03,MSFT,0,0,0.07982522012098175,0
2022-02-04,MSFT,0,0,0.1982547141684982,0
2022-02-07,MSFT,0,0,0.0789006065559311,0
2022-02-08,MSFT,0,0,0.11231509104379409,0
2022-02-09,MSFT,0,0,0.14792730462070303,0
2022-02-10,MSFT,0,0,0.06507968506019943,0
2022-02-11,MSFT,0,0,0.09368123457228039,0
2022-02-14,MSFT,0,0,0.15960498000310555,0
2022-02-15,MSFT,0,0,0.20595314495424794,0
2022-02-16,MSFT,0,0,0.13741363564844414,0
2022-02-17,MSFT,0,0,0.08886665388202426,0
2022-02-18,MSFT,0,0,0.1614949043541531,0
2022-02-22,MSFT,0,0,0.19313428238478966,0
2022-02-23,MSFT,0,0,0.06182721012320582,0
2022-02-24,MSFT,0,0,0.2739694362271473,0
2022-02-25,MSFT,0,0,0.19938450592452683,0
2022-02-28,MSFT,0,0,0.17288108596093038,0
2022-03-01,MSFT,0,0,0.18917516224210726,0
2022-03-02,MSFT,0,0,0.2634951734550116,0
2022-03-03,MSFT,0,0,0.20261970793172043,0
2022-03-04,MSFT,0,0,0.12433929064677454,0
2022-03-07,MSFT,0,0,0.12639266878741645,0
2022-03-08,MSFT,0,0,0.16518810563035163,0
2022-03-09,MSFT,0,0,0.22373735812073917,0
2022-03-10,MSFT,0,0,0.22621883250208466,0
2022-03-11,MSFT,0,0,0.1613553350294223,0
2022-03-14,MSFT,0,0,0.23226441083777605,0
2022-03-15,MSFT,0,0,0.3793070123359943,0
2022-03-16,MSFT,0,0,0.32266794920013814,0
2022-03-17,MSFT,0,0,0.2765107787984309,0
2022-03-18,MSFT,0,0,0.18185716953804515,0
2022-03-21,MSFT,0,0,0.10710723232129057,0
2022-03-22,MSFT,0,0,0.11922630330153403,0
2022-03-23,MSFT,0,0,0.09299665418569525,0
2022-03-24,MSFT,0,0,0.10406196044896926,0
2022-03-25,MSFT,0,0,0.04436445176087737,0
2022-03-28,MSFT,0,0,0.3012653499942669,0
2022-03-29,MSFT,0,0,0.10091542239035477,0
2022-03-30,MSFT,0,0,0.07741544236062968,0
2022-03-31,MSFT,0,0,0.08984940497537856,0
2022-04-01,MSFT,0,0,0.18186296307793903,0
2022-04-04,MSFT,0,0,0.1523990422925251,0
2022-04-05,MSFT,0,0,0.1424631175984742,0
2022-04-06,MSFT,0,0,0.10230688092991062,0
2022-04-07,MSFT,0,0,0.23915477590536716,0
2022-04-08,MSFT,0,0,0.1084727570437855,0
2022-04-11,MSFT,0,0,0.0658563818996035,0
2022-04-12,MSFT,0,0,0.04874214703751776,0
2022-04-13,MSFT,0,0,0.20811722029782062,0
2022-04-14,MSFT,0,0,0.06532826912045539,0
2022-04-18,MSFT,0,0,0.17504435100015597,0
2022-04-19,MSFT,0,0,0.22012593175269488,0
2022-04-20,MSFT,0,0,0.17463558744266153,0
2022-04-21,MSFT,0,0,0.053820651087174765,0
2022-04-22,MSFT,0,0,0.05455081574188096,0
2022-04-25,MSFT,0,0,0.18782408397653466,0
2022-04-26,MSFT,0,0,0.07482795197654231,0
2022-04-27,MSFT,0,0,0.2668378150736852,0
2022-04-28,MSFT,0,0,0.21890761502093406,0
2022-04-29,MSFT,0,0,0.10600745431571004,0
2022-05-02,MSFT,0,1,0.2786384581314212,0
2022-05-03,MSFT,0,1,0.259436896123459,0
2022-05-04,MSFT,0,1,0.2683681525646444,0
2022-05-05,MSFT,1,1,0.28423398588861415,0
2022-05-06,MSFT,1,1,0.29404185929390936,0
2022-05-09,MSFT,1,1,0.1698870845953645,0
2022-05-10,MSFT,0,0,0.30378405426768157,0
2022-05-11,MSFT,0,0,0.0907672003379408,0
2022-05-12,MSFT,0,0,0.050779823137417045,0
2022-05-13,MSFT,0,0,0.21943121663098267,0
2022-05-16,MSFT,0,0,0.2436372107682153,0
2022-05-17,MSFT,0,0,0.25910793940009386,0
2022-05-18,MSFT,0,0,0.009544842320916376,0
2022-05-19,MSFT,0,0,0.13884037195157112,0
2022-05-20,MSFT,0,0,0.14790191077074566,0
2022-05-23,MSFT,0,0,0.24150962291258138,0
2022-05-24,MSFT,0,0,0.17438674982978628,0
2022-05-25,MSFT,0,0,0.16505459143663348,0
2022-05-26,MSFT,0,0,0.14331112091017087,0
2022-05-27,MSFT,0,0,0.15229053097147263,0
2022-05-31,MSFT,0,0,0.11964255345587953,0
2022-06-01,MSFT,0,0,0.10762482984260258,0
2022-06-02,MSFT,0,0,0.08352580819976517,0
2022-06-03,MSFT,0,0,0.07616242367064784,0
2022-06-06,MSFT,0,0,0.11890919450882116,0
2022-06-07,MSFT,0,0,0.16268425778821163,0
2022-06-08,MSFT,0,0,0.09346589984028986,0
2022-06-09,MSFT,0,0,0.07001029603488809,0
2022-06-10,MSFT,0,0,0.06511122053638192,0
2022-06-13,MSFT,0,0,0.03509115657486688,0
2022-06-14,MSFT,0,0,0.14760619987514245,0
2022-06-15,MSFT,0,0,0.2383131778206543,0
2022-06-16,MSFT,0,0,0.055881127880820225,0
2022-06-17,MSFT,0,0,0.16325249455111732,0
2022-06-21,MSFT,0,0,0.21731441146757008,0
2022-06-22,MSFT,0,0,0.2011267084606221,0
2022-06-23,MSFT,0,0,0.22642781848648602,0
2022-06-24,MSFT,0,0,0.29839999543071677,0
2022-06-27,MSFT,0,0,0.12329657922790058,0
2022-06-28,MSFT,0,0,0.09220304714869428,0
2022-06-29,MSFT,0,0,0.21536142332346125,0
2022-06-30,MSFT,0,0,0.19185073349507584,0
2022-07-01,MSFT,0,0,0.1461875863133388,0
2022-07-05,MSFT,0,0,0.11169258631571218,0
2022-07-06,MSFT,0,0,0.09331161311282841,0
2022-07-07,MSFT,0,0,0.07888248164597755,0
2022-07-08,MSFT,0,0,0.08428234270242783,0
2022-07-11,MSFT,0,0,0.14643071025475407,0
2022-07-12,MSFT,0,0,0.10525935259150355,0
2022-07-13,MSFT,0,0,0.2506964123693353,0
2022-07-14,MSFT,0,0,0.29925615720681353,0
2022-07-15,MSFT,0,0,0.2963950130745765,0
2022-07-18,MSFT,0,0,0.24196522689645283,0
2022-07-19,MSFT,0,0,0.34913221868424876,0
2022-07-20,MSFT,0,0,0.27379140556901777,0
2022-07-21,MSFT,0,0,0.23720384631285393,0
2022-07-22,MSFT,0,0,0.19489247274083576,0
2022-07-25,MSFT,0,0,0.32251971137183255,0
2022-07-26,MSFT,0,0,0.12740759483492806,0
2022-07-27,MSFT,0,0,0.5024909588338509,1
2022-07-28,MSFT,0,0,0.28811418604733824,0
2022-07-29,MSFT,0,0,0.076407202240954,0
2022-08-01,MSFT,0,0,0.035408693026185725,0
2022-08-02,MSFT,0,0,0.045729209282511646,0
2022-08-03,MSFT,0,0,0.08147165162740415,0
2022-08-04,MSFT,0,0,0.05541834869985349,0
2022-08-05,MSFT,0,0,0.0404619586008329,0
2022-08-08,MSFT,0,0,0.052715299697056864,0
2022-08-09,MSFT,0,0,0.04895455497390977,0
2022-08-10,MSFT,0,0,0.08706413510437037,0
2022-08-11,MSFT,0,0,0.056581082368585944,0
2022-08-12,MSFT,0,0,0.08654181629572215,0
2022-08-15,MSFT,0,0,0.04905787771119484,0
2022-08-16,MSFT,0,0,0.05115388820845272,0
2022-08-17,MSFT,0,0,0.08648468154429056,0
2022-08-18,MSFT,0,0,0.11037804829527637,0
2022-08-19,MSFT,0,0,0.11462932269628236,0
2022-08-22,MSFT,0,0,0.08993285161161553,0
2022-08-23,MSFT,0,0,0.18384885517370797,0
2022-08-24,MSFT,0,0,0.1283147976358632,0
2022-08-25,MSFT,0,0,0.23434268826693516,0
2022-08-26,MSFT,0,0,0.045626012197878936,0
2022-08-29,MSFT,0,0,0.06647357920940901,0
2022-08-30,MSFT,0,0,0.0692902772536744,0
2022-08-31,MSFT,0,0,0.08796623634068713,0
2022-09-01,MSFT,0,0,0.09289628197961516,0
2022-09-02,MSFT,0,0,0.04893259826319417,0
2022-09-06,MSFT,0,0,0.04613818625806244,0
2022-09-07,MSFT,0,0,0.12440219076372273,0
2022-09-08,MSFT,0,0,0.11235646407148701,0
2022-09-09,MSFT,0,1,0.21919897830856352,0
2022-09-12,MSFT,0,1,0.16783290084042818,0
2022-09-13,MSFT,0,1,0.033394594444213506,0
2022-09-14,MSFT,1,1,0.04843166587846089,0
2022-09-15,MSFT,1,1,0.040451729882058744,0
2022-09-16,MSFT,1,1,0.040451729882058744,0
2022-09-19,MSFT,0,0,0.1544383677136336,0
2022-09-20,MSFT,0,0,0.10504882017364063,0
2022-09-21,MSFT,0,0,0.07767240514966614,0
2022-09-22,MSFT,0,0,0.14897633423021267,0
2022-09-23,MSFT,0,0,0.08354180075143341,0
2022-09-26,MSFT,0,0,0.10034777569665444,0
2022-09-27,MSFT,0,0,0.10727457402302844,0
2022-09-28,MSFT,0,0,0.22515556310492382,0
2022-09-29,MSFT,0,0,0.12215795995240557,0
2022-09-30,MSFT,0,0,0.045402712832979704,0
2022-10-03,MSFT,0,0,0.3089039301975244,0
2022-10-04,MSFT,0,0,0.3231115226420791,0
2022-10-05,MSFT,0,0,0.12609948275051341,0
2022-10-06,MSFT,0,0,0.10764768414564668,0
2022-10-07,MSFT,0,0,0.1103974034862009,0
2022-10-10,MSFT,0,0,0.17818124488309042,0
2022-10-11,MSFT,0,0,0.10952297167951229,0
2022-10-12,MSFT,0,0,0.19199786991153037,0
2022-10-13,MSFT,0,0,0.3526663034391129,0
2022-10-14,MSFT,0,0,0.18165588641413785,0
2022-10-17,MSFT,0,0,0.41410185564557733,0
2022-10-18,MSFT,0,0,0.27957158792414133,0
2022-10-19,MSFT,0,0,0.22056135363006685,0
2022-10-20,MSFT,0,0,0.2255692046664069,0
2022-10-21,MSFT,0,0,0.24096821800969873,0
2022-10-24,MSFT,0,0,0.14102533376702636,0
2022-10-25,MSFT,0,0,0.08988318606345078,0
2022-10-26,MSFT,0,0,0.1251130211650835,0
2022-10-27,MSFT,0,0,0.1810671704477519,0
2022-10-28,MSFT,0,0,0.23102443115264895,0
2022-10-31,MSFT,0,0,0.1749495139939061,0
2022-11-01,MSFT,0,0,0.15302439192764603,0
2022-11-02,MSFT,0,0,0.06872541431180658,0
2022-11-03,MSFT,0,0,0.09978561773259621,0
2022-11-04,MSFT,0,0,0.23085839479650924,0
2022-11-07,MSFT,0,0,0.2537047813577963,0
2022-11-08,MSFT,0,0,0.2520666463847554,0
2022-11-09,MSFT,0,0,0.19320446117592058,0
2022-11-10,MSFT,0,0,0.17039607063399845,0
2022-11-11,MSFT,0,0,0.17123619142984248,0
2022-11-14,MSFT,0,0,0.1347982712241958,0
2022-11-15,MSFT,0,0,0.10278067218647934,0
2022-11-16,MSFT,0,0,0.11071719917294272,0
2022-11-17,MSFT,0,0,0.21606178376119586,0
2022-11-18,MSFT,0,0,0.11290447899868508,0
2022-11-21,MSFT,0,0,0.12636843752986648,0
2022-11-22,MSFT,0,0,0.1149110139362543,0
2022-11-23,MSFT,0,0,0.07239282186916932,0
2022-11-25,MSFT,0,0,0.12015753698225332,0
2022-11-28,MSFT,0,0,0.1615360656617254,0
2022-11-29,MSFT,0,0,0.21656022217842036,0
2022-11-30,MSFT,0,0,0.5199157182314809,1
2022-12-01,MSFT,0,0,0.04847018742626124,0
2022-12-02,MSFT,0,0,0.053129347313710586,0
2022-12-05,MSFT,0,0,0.08417883992848685,0
2022-12-06,MSFT,0,0,0.14560548557721079,0
2022-12-07,MSFT,0,0,0.2785220025903374,0
2022-12-08,MSFT,0,0,0.3494487790253428,0
2022-12-09,MSFT,0,0,0.2639469366545801,0
2022-12-12,MSFT,0,0,0.2673993406728098,0
2022-12-13,MSFT,0,0,0.12186181941346479,0
2022-12-14,MSFT,0,0,0.15604439786308502,0
2022-12-15,MSFT,0,0,0.17278137730695273,0
2022-12-16,MSFT,0,0,0.16830916585347208,0
2022-12-19,MSFT,0,0,0.17826675480475151,0
2022-12-20,MSFT,0,0,0.31555623703485913,0
2022-12-21,MSFT,0,0,0.29593075414675535,0
2022-12-22,MSFT,0,0,0.13579349512870234,0
2022-12-23,MSFT,0,0,0.3193806267765355,0
2022-12-27,MSFT,0,0,0.23523421940743597,0
2022-12-28,MSFT,0,0,0.1888650492254201,0
2022-12-29,MSFT,0,0,0.42978863560633906,0
2022-12-30,MSFT,0,0,0.3533975715143698,0
2023-01-03,MSFT,0,0,0.3719287165236433,0
2023-01-04,MSFT,0,0,0.0768019784958261,0
2023-01-05,MSFT,0,0,0.08138682106044319,0
2023-01-06,MSFT,0,0,0.1729591196380873,0
2023-01-09,MSFT,0,0,0.182619466871533,0
2023-01-10,MSFT,0,0,0.21471463957394699,0
2023-01-11,MSFT,0,0,0.4100356475341567,0
2023-01-12,MSFT,0,0,0.2548159965714023,0
2023-01-13,MSFT,0,0,0.2477505956824814,0
2023-01-17,MSFT,0,0,0.21677124649175525,0
2023-01-18,MSFT,0,0,0.16309260455618418,0
2023-01-19,MSFT,0,0,0.1505283342959704,0
2023-01-20,MSFT,0,0,0.3141856297751345,0
2023-01-23,MSFT,0,0,0.14342411597131716,0
2023-01-24,MSFT,0,0,0.14253199810505865,0
2023-01-25,MSFT,0,0,0.12270573427950718,0
2023-01-26,MSFT,0,0,0.18918282329249023,0
2023-01-27,MSFT,0,0,0.08096741419802181,0
2023-01-30,MSFT,0,0,0.10105241347096225,0
2023-01-31,MSFT,0,0,0.14948923836856004,0
2023-02-01,MSFT,0,0,0.10713743707098669,0
2023-02-02,MSFT,0,0,0.39006574692952944,0
2023-02-03,MSFT,0,0,0.03907070475471808,0
2023-02-06,MSFT,0,0,0.06256459168032528,0
2023-02-07,MSFT,0,0,0.12184734340469104,0
2023-02-08,MSFT,0,0,0.045111891146769646,0
2023-02-09,MSFT,0,0,0.061041466364072774,0
2023-02-10,MSFT,0,0,0.07112515870118892,0
2023-02-13,MSFT,0,0,0.1043485287970629,0
2023-02-14,MSFT,0,0,0.053068043405715214,0
2023-02-15,MSFT,0,0,0.06459602539885555,0
2023-02-16,MSFT,0,0,0.12463646427706147,0
2023-02-17,MSFT,0,0,0.17296902552087717,0
2023-02-21,MSFT,0,0,0.15288392161438732,0
2023-02-22,MSFT,0,0,0.06732978038203434,0
2023-02-23,MSFT,0,0,0.2389490922658891,0
2023-02-24,MSFT,0,0,0.11067272437161522,0
2023-02-27,MSFT,0,0,0.23751802828692697,0
2023-02-28,MSFT,0,0,0.21791851819004165,0
2023-03-01,MSFT,0,0,0.17910775628207512,0
2023-03-02,MSFT,0,0,0.32176408441035,0
2023-03-03,MSFT,0,0,0.36855366000657214,0
2023-03-06,MSFT,0,0,0.27098185958820503,0
2023-03-07,MSFT,0,0,0.18262131507375814,0
2023-03-08,MSFT,0,0,0.20351662843253887,0
2023-03-09,MSFT,0,0,0.24176698651478096,0
2023-03-10,MSFT,0,0,0.19083471892517878,0
2023-03-13,MSFT,0,0,0.2385323486392216,0
2023-03-14,MSFT,0,0,0.17334031213729204,0
2023-03-15,MSFT,0,0,0.0671415604781807,0
2023-03-16,MSFT,0,0,0.16691330967923795,0
2023-03-17,MSFT,0,0,0.04354824642740039,0
2023-03-20,MSFT,0,0,0.033220771411277925,0
2023-03-21,MSFT,0,0,0.06820339266994627,0
2023-03-22,MSFT,0,0,0.0531715906547607,0
2023-03-23,MSFT,0,0,0.08971872140540225,0
2023-03-24,MSFT,0,0,0.03194294611548715,0
2023-03-27,MSFT,0,0,0.045298746400157935,0
2023-03-28,MSFT,0,0,0.08027176964512336,0
2023-03-29,MSFT,0,0,0.10323708097395955,0
2023-03-30,MSFT,0,0,0.10316479116378365,0
2023-03-31,MSFT,0,0,0.07628672560989597,0
2023-04-03,MSFT,0,0,0.05811284051706335,0
2023-04-04,MSFT,0,0,0.04573526551755002,0
2023-04-05,MSFT,0,0,0.07465354939973473,0
2023-04-06,MSFT,0,0,0.13001511259616794,0
2023-04-10,MSFT,0,0,0.0787696083366438,0
2023-04-11,MSFT,0,0,0.12638814931549586,0
2023-04-12,MSFT,0,0,0.15667000191532288,0
2023-04-13,MSFT,0,0,0.2000750586682441,0
2023-04-14,MSFT,0,0,0.12804478799357397,0
2023-04-17,MSFT,0,0,0.17902504612853848,0
2023-04-18,MSFT,0,0,0.13944542306861601,0
2023-04-19,MSFT,0,0,0.1751921968625282,0
2023-04-20,MSFT,0,0,0.15018266495275384,0
2023-04-21,MSFT,0,0,0.23049114499082124,0
2023-04-24,MSFT,0,0,0.14869241430910718,0
2023-04-25,MSFT,0,0,0.10922818630134341,0
2023-04-26,MSFT,0,0,0.6174352269614485,1
2023-04-27,MSFT,0,0,0.29695635919612207,0
2023-04-28,MSFT,0,0,0.09955803865038504,0
2023-05-01,MSFT,0,0,0.06321052017751684,0
2023-05-02,MSFT,0,0,0.047721406826442055,0
2023-05-03,MSFT,0,0,0.06247785691084809,0
2023-05-04,MSFT,0,0,0.029274636351890263,0
2023-05-05,MSFT,0,0,0.041315743682727786,0
2023-05-08,MSFT,0,0,0.033103363001557924,0
2023-05-09,MSFT,0,0,0.036870297710209936,0
2023-05-10,MSFT,0,0,0.0774278819266406,0
2023-05-11,MSFT,0,0,0.13438314897707598,0
2023-05-12,MSFT,0,0,0.14210922315589392,0
2023-05-15,MSFT,0,0,0.15198959020323285,0
2023-05-16,MSFT,0,0,0.18471447069933863,0
2023-05-17,MSFT,0,0,0.1554605927553822,0
2023-05-18,MSFT,0,0,0.10213290389372508,0
2023-05-19,MSFT,0,0,0.10815187128234222,0
2023-05-22,MSFT,0,0,0.10164830535000484,0
2023-05-23,MSFT,0,0,0.1282851470372798,0
2023-05-24,MSFT,0,0,0.12440461002501155,0
2023-05-25,MSFT,0,0,0.19454572913363335,0
2023-05-26,MSFT,0,0,0.06407942637726863,0
2023-05-30,MSFT,0,0,0.041999515690963406,0
2023-05-31,MSFT,0,0,0.03938928104475446,0
2023-06-01,MSFT,0,0,0.06664795503748158,0
2023-06-02,MSFT,0,0,0.04306798977852925,0
2023-06-05,MSFT,0,0,0.03840886219277585,0
2023-06-06,MSFT,0,0,0.03724969646308554,0
2023-06-07,MSFT,0,0,0.04212620372119806,0
2023-06-08,MSFT,0,0,0.11131779511779188,0
2023-06-09,MSFT,0,0,0.16520822325293355,0
2023-06-12,MSFT,0,0,0.20901322210901016,0
2023-06-13,MSFT,0,0,0.17828545113453037,0
2023-06-14,MSFT,0,0,0.08756370914413325,0
2023-06-15,MSFT,0,0,0.0372544567256761,0
2023-06-16,MSFT,0,0,0.06040170629244039,0
2023-06-20,MSFT,0,0,0.13245984685095788,0
2023-06-21,MSFT,0,0,0.13874266112553837,0
2023-06-22,MSFT,0,0,0.18359501135763998,0
2023-06-23,MSFT,0,0,0.12237584449630935,0
2023-06-26,MSFT,0,0,0.06186327299332549,0
2023-06-27,MSFT,0,0,0.1546515438763302,0
2023-06-28,MSFT,0,0,0.16172911130868872,0
2023-06-29,MSFT,0,0,0.13158581074210846,0
2023-06-30,MSFT,0,0,0.14874289268126015,0
2023-07-03,MSFT,0,0,0.12209286821375788,0
2023-07-05,MSFT,0,0,0.1354228653667559,0
2023-07-06,MSFT,0,0,0.11386137602765449,0
2023-07-07,MSFT,0,0,0.10155083774405696,0
2023-07-10,MSFT,0,0,0.06278530368739652,0
2023-07-11,MSFT,0,0,0.12643271304429468,0
2023-07-12,MSFT,0,0,0.1787930466849467,0
2023-07-13,MSFT,0,0,0.10615513473965461,0
2023-07-14,MSFT,0,0,0.07112010199744757,0
2023-07-17,MSFT,0,0,0.1045872740740126,0
2023-07-18,MSFT,0,0,0.37909217256709327,0
2023-07-19,MSFT,0,0,0.028987728609874683,0
2023-07-20,MSFT,0,0,0.07342418900013142,0
2023-07-21,MSFT,0,0,0.06847710016098357,0
2023-07-24,MSFT,0,0,0.10194444647708545,0
2023-07-25,MSFT,0,0,0.08735415654064024,0
2023-07-26,MSFT,0,0,0.08143747659742884,0
2023-07-27,MSFT,0,0,0.07422560407451304,0
2023-07-28,MSFT,0,0,0.25375469157546005,0
2023-07-31,MSFT,0,0,0.10490278415073206,0
2023-08-01,MSFT,0,0,0.09986628738537631,0
2023-08-02,MSFT,0,0,0.053129961841664367,0
2023-08-03,MSFT,0,0,0.14157889381787403,0
2023-08-04,MSFT,0,0,0.15545569210970545,0
2023-08-07,MSFT,0,0,0.16930566721744483,0
2023-08-08,MSFT,0,0,0.10643958742759416,0
2023-08-09,MSFT,0,0,0.10069820969167965,0
2023-08-10,MSFT,0,0,0.17434982356806245,0
2023-08-11,MSFT,0,0,0.1039820836959823,0
2023-08-14,MSFT,0,0,0.16736904906116842,0
2023-08-15,MSFT,0,0,0.06684021720027729,0
2023-08-16,MSFT,0,0,0.0998206793144726,0
2023-08-17,MSFT,0,0,0.040587104714810675,0
2023-08-18,MSFT,0,0,0.07900422787726478,0
2023-08-21,MSFT,0,0,0.15883309501856352,0
2023-08-22,MSFT,0,0,0.105460546049013,0
2023-08-23,MSFT,0,0,0.08597981949753263,0
2023-08-24,MSFT,0,0,0.054801548656277996,0
2023-08-25,MSFT,0,0,0.09184281079242673,0
2023-08-28,MSFT,0,0,0.10243027242949036,0
2023-08-29,MSFT,0,0,0.057765324419259315,0
2023-08-30,MSFT,0,0,0.058729479749140376,0
2023-08-31,MSFT,0,0,0.05040096314994291,0
2023-09-01,MSFT,0,0,0.06523625371224095,0
2023-09-05,MSFT,0,0,0.04130648203323096,0
2023-09-06,MSFT,0,0,0.041807983345097,0
2023-09-07,MSFT,0,0,0.0552664674427977,0
2023-09-08,MSFT,0,0,0.03890505187210945,0
2023-09-11,MSFT,0,0,0.04284653368147735,0
2023-09-12,MSFT,0,0,0.046618177981232675,0
2023-09-13,MSFT,0,0,0.04742937167128953,0
2023-09-14,MSFT,0,0,0.0436922698292361,0
2023-09-15,MSFT,0,0,0.0464583388455904,0
2023-09-18,MSFT,0,0,0.07002019243058137,0
2023-09-19,MSFT,0,0,0.05495769794603233,0
2023-09-20,MSFT,0,0,0.024661714803054048,0
2023-09-21,MSFT,0,0,0.07046780702251455,0
2023-09-22,MSFT,0,0,0.056350106302680725,0
2023-09-25,MSFT,0,0,0.09091142430212013,0
2023-09-26,MSFT,0,0,0.028677809489435956,0
2023-09-27,MSFT,0,0,0.07569914810478913,0
2023-09-28,MSFT,0,0,0.06852751937210641,0
2023-09-29,MSFT,0,0,0.09895498534082911,0
2023-10-02,MSFT,0,0,0.16422369821644256,0
2023-10-03,MSFT,0,0,0.04294536979631497,0
2023-10-04,MSFT,0,0,0.1826918711434568,0
2023-10-05,MSFT,0,0,0.1197206233795723,0
2023-10-06,MSFT,0,0,0.23646778401807056,0
2023-10-09,MSFT,0,0,0.080731810016321,0
2023-10-10,MSFT,0,0,0.040765595374362674,0
2023-10-11,MSFT,0,0,0.05075124470063883,0
2023-10-12,MSFT,0,0,0.029195873672593287,0
2023-10-13,MSFT,0,0,0.05370074716103697,0
2023-10-16,MSFT,0,0,0.07541842335756582,0
2023-10-17,MSFT,0,0,0.03097993541852653,0
2023-10-18,MSFT,0,0,0.04976111300948344,0
2023-10-19,MSFT,0,0,0.06278066949546407,0
2023-10-20,MSFT,0,0,0.04955393599668156,0
2023-10-23,MSFT,0,0,0.08195887687108061,0
2023-10-24,MSFT,0,0,0.06496961238279471,0
2023-10-25,MSFT,0,0,0.09348181606323756,0
2023-10-26,MSFT,0,0,0.07127491025051921,0
2023-10-27,MSFT,0,0,0.12250619297473714,0
2023-10-30,MSFT,0,0,0.21015621867132073,0
2023-10-31,MSFT,0,0,0.08520752337513013,0
2023-11-01,MSFT,0,0,0.11411475031045526,0
2023-11-02,MSFT,0,0,0.06389682995767969,0
2023-11-03,MSFT,0,0,0.04249836535763614,0
2023-11-06,MSFT,0,0,0.0411180951145011,0
2023-11-07,MSFT,0,0,0.0538701283553569,0
2023-11-08,MSFT,0,0,0.013702430214103641,0
2023-11-09,MSFT,0,0,0.019029130776140782,0
2023-11-10,MSFT,0,0,0.07809260966315269,0
2023-11-13,MSFT,0,0,0.027309036367545895,0
2023-11-14,MSFT,0,0,0.016717146425828028,0
2023-11-15,MSFT,0,0,0.009649064116113175,0
2023-11-16,MSFT,0,0,0.020943448862138093,0
2023-11-17,MSFT,0,0,0.03276946190659828,0
2023-11-20,MSFT,0,0,0.0462460323576113,0
2023-11-21,MSFT,0,0,0.053520381244512194,0
2023-11-22,MSFT,0,0,0.02347349482396611,0
2023-11-24,MSFT,0,0,0.02286456043941728,0
2023-11-27,MSFT,0,0,0.043440918572179826,0
2023-11-28,MSFT,0,0,0.035009087274081654,0
2023-11-29,MSFT,0,0,0.04651127352061817,0
2023-11-30,MSFT,0,0,0.0763034658232825,0
2023-12-01,MSFT,0,0,0.09754771475915827,0
2023-12-04,MSFT,0,0,0.06553241151425185,0
2023-12-05,MSFT,0,0,0.13822987328727906,0
2023-12-06,MSFT,0,0,0.06453114451319716,0
2023-12-07,MSFT,0,0,0.11042214722737816,0
2023-12-08,MSFT,0,0,0.14804579238135296,0
2023-12-11,MSFT,0,0,0.07377441807213235,0
2023-12-12,MSFT,0,0,0.1473374821987356,0
2023-12-13,MSFT,0,0,0.10765471663391059,0
2023-12-14,MSFT,0,0,0.04553257315493741,0
2023-12-15,MSFT,0,0,0.12633980177775866,0
2023-12-18,MSFT,0,0,0.1374775382768967,0
2023-12-19,MSFT,0,0,0.15628533062190894,0
2023-12-20,MSFT,0,0,0.09871362323874983,0
2023-12-21,MSFT,0,0,0.16015651416638516,0
2023-12-22,MSFT,0,0,0.17967580872221922,0
2023-12-26,MSFT,0,0,0.14128693766792425,0
2023-12-27,MSFT,0,0,0.1596166449698344,0
2023-12-28,MSFT,0,0,0.1825541762237812,0
2023-12-29,MSFT,0,0,0.13432801643470918,0
2021-11-26,NVDA,0,0,0.09672664889976836,0
2021-11-29,NVDA,0,0,0.14929344147586826,0
2021-11-30,NVDA,0,0,0.06343854300948026,0
2021-12-01,NVDA,0,0,0.11796310052502076,0
2021-12-02,NVDA,0,0,0.15305953478742976,0
2021-12-03,NVDA,0,0,0.1142596019482315,0
2021-12-06,NVDA,0,0,0.16026258278100855,0
2021-12-07,NVDA,0,0,0.3154305172445171,0
2021-12-08,NVDA,0,0,0.19338192416230038,0
2021-12-09,NVDA,0,0,0.13509084609480337,0
2021-12-10,NVDA,0,0,0.23601918842399647,0
2021-12-13,NVDA,0,0,0.0869201215124685,0
2021-12-14,NVDA,0,0,0.17842174058769367,0
2021-12-15,NVDA,0,0,0.3684705162991216,0
2021-12-16,NVDA,0,0,0.10747544458953098,0
2021-12-17,NVDA,0,0,0.13352341352653288,0
2021-12-20,NVDA,0,0,0.15411668668661246,0
2021-12-21,NVDA,0,1,0.2632681352481851,0
2021-12-22,NVDA,0,1,0.2353627921496046,0
2021-12-23,NVDA,0,1,0.2259469568071961,0
2021-12-27,NVDA,1,1,0.6343733901941536,1
2021-12-28,NVDA,1,1,0.8530229635409591,1
2021-12-29,NVDA,1,1,0.8741550833055637,1
2021-12-30,NVDA,0,0,0.22738464254848126,0
2021-12-31,NVDA,0,0,0.24289705501176576,0
2022-01-03,NVDA,0,0,0.2788225316258009,0
2022-01-04,NVDA,0,0,0.12001888712922439,0
2022-01-05,NVDA,0,0,0.11245941152878634,0
2022-01-06,NVDA,0,0,0.5006902802574551,1
2022-01-07,NVDA,0,0,0.14910934634064826,0
2022-01-10,NVDA,0,0,0.3597318416632247,0
2022-01-11,NVDA,0,0,0.4656108086072233,1
2022-01-12,NVDA,0,0,0.3466579558565954,0
2022-01-13,NVDA,0,0,0.0974676149287861,0
2022-01-14,NVDA,0,0,0.24839415579569737,0
2022-01-18,NVDA,0,0,0.07685754064598456,0
2022-01-19,NVDA,0,0,0.05995657518736742,0
2022-01-20,NVDA,0,0,0.0659583140970776,0
2022-01-21,NVDA,0,0,0.066518351295649,0
2022-01-24,NVDA,0,0,0.13072326899814773,0
2022-01-25,NVDA,0,0,0.08874355080734506,0
2022-01-26,NVDA,0,0,0.2105996314225486,0
2022-01-27,NVDA,0,0,0.08846288334067612,0
2022-01-28,NVDA,0,0,0.1848904778192517,0
2022-01-31,NVDA,0,0,0.33253206352003084,0
2022-02-01,NVDA,0,0,0.28200269686398494,0
2022-02-02,NVDA,0,0,0.3363282896809925,0
2022-02-03,NVDA,0,0,0.17325667541270065,0
2022-02-04,NVDA,0,0,0.30870940570279226,0
2022-02-07,NVDA,0,0,0.27430552006712516,0
2022-02-08,NVDA,0,0,0.22262858090401388,0
2022-02-09,NVDA,0,0,0.2559643721851209,0
2022-02-10,NVDA,0,0,0.06279721421062336,0
2022-02-11,NVDA,0,0,0.0847564657144117,0
2022-02-14,NVDA,0,0,0.18525889386310515,0
2022-02-15,NVDA,0,0,0.27392273940015505,0
2022-02-16,NVDA,0,0,0.07295657107324238,0
2022-02-17,NVDA,0,0,0.10879887217961039,0
2022-02-18,NVDA,0,0,0.15174234131123426,0
2022-02-22,NVDA,0,0,0.24134385431177416,0
2022-02-23,NVDA,0,0,0.07763630586820996,0
2022-02-24,NVDA,0,0,0.2977580352577715,0
2022-02-25,NVDA,0,0,0.2691421939043406,0
2022-02-28,NVDA,0,0,0.32891547479018424,0
2022-03-01,NVDA,0,0,0.19302154338652552,0
2022-03-02,NVDA,0,0,0.3801276716243892,0
2022-03-03,NVDA,0,0,0.2583958172803818,0
2022-03-04,NVDA,0,0,0.1330266884138598,0
2022-03-07,NVDA,0,0,0.05983898278513677,0
2022-03-08,NVDA,0,0,0.14871629409868622,0
2022-03-09,NVDA,0,0,0.29653402608072504,0
2022-03-10,NVDA,0,0,0.3067128180602611,0
2022-03-11,NVDA,0,0,0.15836355844952943,0
2022-03-14,NVDA,0,0,0.11018859675974348,0
2022-03-15,NVDA,0,0,0.47266485580696854,1
2022-03-16,NVDA,0,0,0.33469659964802045,0
2022-03-17,NVDA,0,0,0.1578948326280924,0
2022-03-18,NVDA,0,0,0.27065214459170056,0
2022-03-21,NVDA,0,0,0.1299265856250252,0
2022-03-22,NVDA,0,0,0.11416107895524787,0
2022-03-23,NVDA,0,0,0.06455699309732443,0
2022-03-24,NVDA,0,0,0.6257376806824169,1
2022-03-25,NVDA,0,0,0.12403565519229978,0
2022-03-28,NVDA,0,0,0.07340072719944953,0
2022-03-29,NVDA,0,0,0.059157829638329745,0
2022-03-30,NVDA,0,0,0.05551553398123923,0
2022-03-31,NVDA,0,0,0.06613533236130302,0
2022-04-01,NVDA,0,0,0.08301504849449014,0
2022-04-04,NVDA,0,0,0.11861551095105308,0
2022-04-05,NVDA,0,0,0.11328333772519308,0
2022-04-06,NVDA,0,0,0.13772249893818475,0
2022-04-07,NVDA,0,0,0.20291463490852377,0
2022-04-08,NVDA,0,0,0.0904352040750966,0
2022-04-11,NVDA,0,0,0.09664574771611564,0
2022-04-12,NVDA,0,0,0.12532897461675002,0
2022-04-13,NVDA,0,0,0.1873421955684955,0
2022-04-14,NVDA,0,0,0.061596613202776304,0
2022-04-18,NVDA,0,0,0.19628344170871526,0
2022-04-19,NVDA,0,0,0.21628696498538588,0
2022-04-20,NVDA,0,0,0.056328989865156685,0
2022-04-21,NVDA,0,0,0.04715653301055696,0
2022-04-22,NVDA,0,0,0.06518909714090138,0
2022-04-25,NVDA,0,0,0.16805645702105237,0
2022-04-26,NVDA,0,0,0.05685555088348403,0
2022-04-27,NVDA,0,0,0.12701641049893447,0
2022-04-28,NVDA,0,0,0.15985592250277378,0
2022-04-29,NVDA,0,0,0.062334031864736905,0
2022-05-02,NVDA,0,1,0.22474386901167964,0
2022-05-03,NVDA,0,1,0.2301781106316667,0
2022-05-04,NVDA,0,1,0.30023373557249283,0
2022-05-05,NVDA,1,1,0.37066819071819607,0
2022-05-06,NVDA,1,1,0.4860766702590924,1
2022-05-09,NVDA,1,1,0.25137838147103175,0
2022-05-10,NVDA,0,0,0.1555910051858335,0
2022-05-11,NVDA,0,0,0.10201204370049753,0
2022-05-12,NVDA,0,0,0.12207162243640989,0
2022-05-13,NVDA,0,0,0.24418583652762868,0
2022-05-16,NVDA,0,0,0.17435746120313556,0
2022-05-17,NVDA,0,0,0.3050057702503196,0
2022-05-18,NVDA,0,0,0.14964882997504447,0
2022-05-19,NVDA,0,0,0.2107765784033211,0
2022-05-20,NVDA,0,0,0.16192898137678827,0
2022-05-23,NVDA,0,0,0.1745179180900495,0
2022-05-24,NVDA,0,0,0.10719121920425101,0
2022-05-25,NVDA,0,0,0.2581566490607054,0
2022-05-26,NVDA,0,0,0.2642287735227005,0
2022-05-27,NVDA,0,0,0.18449524096812728,0
2022-05-31,NVDA,0,0,0.09844971170164105,0
2022-06-01,NVDA,0,0,0.12628133224034352,0
2022-06-02,NVDA,0,0,0.19781920034072817,0
2022-06-03,NVDA,0,0,0.06827452418487792,0
2022-06-06,NVDA,0,0,0.10066650100260048,0
2022-06-07,NVDA,0,0,0.09441988674628173,0
2022-06-08,NVDA,0,0,0.10526628199960665,0
2022-06-09,NVDA,0,0,0.12702252801375527,0
2022-06-10,NVDA,0,0,0.12006347130264788,0
2022-06-13,NVDA,0,0,0.08618029846388432,0
2022-06-14,NVDA,0,0,0.1658888036142327,0
2022-06-15,NVDA,0,0,0.16972852659797633,0
2022-06-16,NVDA,0,0,0.07507821606725962,0
2022-06-17,NVDA,0,0,0.15478995898737868,0
2022-06-21,NVDA,0,0,0.23601615739403006,0
2022-06-22,NVDA,0,0,0.17907817392445796,0
2022-06-23,NVDA,0,0,0.17935849731484385,0
2022-06-24,NVDA,0,0,0.31137122453691757,0
2022-06-27,NVDA,0,0,0.24281553128648184,0
2022-06-28,NVDA,0,0,0.08047965485878412,0
2022-06-29,NVDA,0,0,0.11404633653635003,0
2022-06-30,NVDA,0,0,0.1115870497233792,0
2022-07-01,NVDA,0,0,0.091156630081841,0
2022-07-05,NVDA,0,0,0.19618160882607585,0
2022-07-06,NVDA,0,0,0.19215066671501163,0
2022-07-07,NVDA,0,0,0.38508363358489006,0
2022-07-08,NVDA,0,0,0.26282269733749075,0
2022-07-11,NVDA,0,0,0.1864615734589755,0
2022-07-12,NVDA,0,0,0.3167285878892787,0
2022-07-13,NVDA,0,0,0.32121970690156054,0
2022-07-14,NVDA,0,0,0.3400515565666038,0
2022-07-15,NVDA,0,0,0.4284221944808823,0
2022-07-18,NVDA,0,0,0.3418531963982427,0
2022-07-19,NVDA,0,0,0.3041456633364408,0
2022-07-20,NVDA,0,0,0.23356811688198004,0
2022-07-21,NVDA,0,0,0.13210049912429309,0
2022-07-22,NVDA,0,0,0.07753060460435837,0
2022-07-25,NVDA,0,0,0.07994790024188357,0
2022-07-26,NVDA,0,0,0.09974507818992233,0
2022-07-27,NVDA,0,0,0.28703907370792286,0
2022-07-28,NVDA,0,0,0.08094889594492213,0
2022-07-29,NVDA,0,0,0.08081079471391342,0
2022-08-01,NVDA,0,0,0.09750118320156648,0
2022-08-02,NVDA,0,0,0.06702420951017046,0
2022-08-03,NVDA,0,0,0.11888453782869195,0
2022-08-04,NVDA,0,0,0.09873872728981237,0
2022-08-05,NVDA,0,0,0.05472985965781991,0
2022-08-08,NVDA,0,0,0.15719792914699202,0
2022-08-09,NVDA,0,0,0.13000498696813176,0
2022-08-10,NVDA,0,0,0.36734404898683315,0
2022-08-11,NVDA,0,0,0.18230700655908771,0
2022-08-12,NVDA,0,0,0.2872604742985592,0
2022-08-15,NVDA,0,0,0.15139692849050101,0
2022-08-16,NVDA,0,0,0.17983699495129812,0
2022-08-17,NVDA,0,0,0.2083385363003638,0
2022-08-18,NVDA,0,0,0.33560554890004873,0
2022-08-19,NVDA,0,0,0.22623137338639424,0
2022-08-22,NVDA,0,0,0.158415833286169,0
2022-08-23,NVDA,0,0,0.31913359257208074,0
2022-08-24,NVDA,0,0,0.35433230816112,0
2022-08-25,NVDA,0,0,0.5207431870046596,1
2022-08-26,NVDA,0,0,0.09337527222493111,0
2022-08-29,NVDA,0,0,0.12300390301326072,0
2022-08-30,NVDA,0,0,0.10688831425807353,0
2022-08-31,NVDA,0,0,0.08564836741961092,0
2022-09-01,NVDA,0,0,0.08755368411388671,0
2022-09-02,NVDA,0,0,0.11149721666988045,0
2022-09-06,NVDA,0,0,0.13934581915256666,0
2022-09-07,NVDA,0,0,0.16011724415252207,0
2022-09-08,NVDA,0,0,0.14454111781120066,0
2022-09-09,NVDA,0,1,0.2271797857540489,0
2022-09-12,NVDA,0,1,0.2062024265394718,0
2022-09-13,NVDA,0,1,0.036057430643036945,0
2022-09-14,NVDA,1,1,0.22228915269096328,0
2022-09-15,NVDA,1,1,0.22233903642501904,0
2022-09-16,NVDA,1,1,0.30078928224558205,0
2022-09-19,NVDA,0,0,0.17255098103208696,0
2022-09-20,NVDA,0,0,0.1408111273686796,0
2022-09-21,NVDA,0,0,0.13529855592064546,0
2022-09-22,NVDA,0,0,0.07447770254466372,0
2022-09-23,NVDA,0,0,0.15928385193707284,0
2022-09-26,NVDA,0,0,0.10988094758782632,0
2022-09-27,NVDA,0,0,0.1867116511508568,0
2022-09-28,NVDA,0,0,0.26195172940800976,0
2022-09-29,NVDA,0,0,0.07788449052381577,0
2022-09-30,NVDA,0,0,0.15053378283239105,0
2022-10-03,NVDA,0,0,0.34761049383786446,0
2022-10-04,NVDA,0,0,0.42590508780797437,0
2022-10-05,NVDA,0,0,0.22268099469540312,0
2022-10-06,NVDA,0,0,0.24237630595573212,0
2022-10-07,NVDA,0,0,0.07897098282804753,0
2022-10-10,NVDA,0,0,0.16646587368830884,0
2022-10-11,NVDA,0,0,0.18260607181787847,0
2022-10-12,NVDA,0,0,0.18299725691646698,0
2022-10-13,NVDA,0,0,0.3126617143483123,0
2022-10-14,NVDA,0,0,0.0856928078341831,0
2022-10-17,NVDA,0,0,0.32517014595859256,0
2022-10-18,NVDA,0,0,0.3066337234426526,0
2022-10-19,NVDA,0,0,0.33631894825515773,0
2022-10-20,NVDA,0,0,0.28627273490236105,0
2022-10-21,NVDA,0,0,0.340992244319619,0
2022-10-24,NVDA,0,0,0.25303335594802456,0
2022-10-25,NVDA,0,0,0.3578220867246793,0
2022-10-26,NVDA,0,0,0.14691482039019557,0
2022-10-27,NVDA,0,0,0.1402997724768791,0
2022-10-28,NVDA,0,0,0.23034178023652582,0
2022-10-31,NVDA,0,0,0.08255002294957872,0
2022-11-01,NVDA,0,0,0.12122523315350425,0
2022-11-02,NVDA,0,0,0.09034847450755228,0
2022-11-03,NVDA,0,0,0.16383747518142694,0
2022-11-04,NVDA,0,0,0.20003913121476152,0
2022-11-07,NVDA,0,0,0.10902810033497345,0
2022-11-08,NVDA,0,0,0.12445117091302116,0
2022-11-09,NVDA,0,0,0.10341903550875117,0
2022-11-10,NVDA,0,0,0.6561664481728048,1
2022-11-11,NVDA,0,0,0.3977309509781053,0
2022-11-14,NVDA,0,0,0.3933739074206627,0
2022-11-15,NVDA,0,0,0.384389166280432,0
2022-11-16,NVDA,0,0,0.35196322615819037,0
2022-11-17,NVDA,0,0,0.14807723556027813,0
2022-11-18,NVDA,0,0,0.15161936976516444,0
2022-11-21,NVDA,0,0,0.14628446367968337,0
2022-11-22,NVDA,0,0,0.1596793151191295,0
2022-11-23,NVDA,0,0,0.10377190247272611,0
2022-11-25,NVDA,0,0,0.08272208890838113,0
2022-11-28,NVDA,0,0,0.1127452840411092,0
2022-11-29,NVDA,0,0,0.14860123933969557,0
2022-11-30,NVDA,0,0,0.2012477817722873,0
2022-12-01,NVDA,0,0,0.062211801497778565,0
2022-12-02,NVDA,0,0,0.08827086709005406,0
2022-12-05,NVDA,0,0,0.11158891816464465,0
2022-12-06,NVDA,0,0,0.15364802215165416,0
2022-12-07,NVDA,0,0,0.23902244727300484,0
2022-12-08,NVDA,0,0,0.17007299587450234,0
2022-12-09,NVDA,0,0,0.13413462327033243,0
2022-12-12,NVDA,0,0,0.18957755033660503,0
2022-12-13,NVDA,0,0,0.14235297559362572,0
2022-12-14,NVDA,0,0,0.1064510052033603,0
2022-12-15,NVDA,0,0,0.1681692997378376,0
2022-12-16,NVDA,0,0,0.184390300577699,0
2022-12-19,NVDA,0,0,0.2159483163231933,0
2022-12-20,NVDA,0,0,0.35906863039017684,0
2022-12-21,NVDA,0,0,0.4987484116886417,1
2022-12-22,NVDA,0,0,0.1375475843466868,0
2022-12-23,NVDA,0,0,0.21494093452077398,0
2022-12-27,NVDA,0,0,0.08250854419501738,0
2022-12-28,NVDA,0,0,0.1944608532966994,0
2022-12-29,NVDA,0,0,0.19630075236235647,0
2022-12-30,NVDA,0,0,0.18343622843881094,0
2023-01-03,NVDA,0,0,0.12194690990357322,0
2023-01-04,NVDA,0,0,0.21682290161580847,0
2023-01-05,NVDA,0,0,0.09756908738610352,0
2023-01-06,NVDA,0,0,0.20631778780112464,0
2023-01-09,NVDA,0,0,0.4584377191097382,1
2023-01-10,NVDA,0,0,0.2536667674098296,0
2023-01-11,NVDA,0,0,0.22731943472979788,0
2023-01-12,NVDA,0,0,0.287325866596605,0
2023-01-13,NVDA,0,0,0.19553364711835136,0
2023-01-17,NVDA,0,0,0.26150006222241945,0
2023-01-18,NVDA,0,0,0.07756488283479565,0
2023-01-19,NVDA,0,0,0.07312138260709083,0
2023-01-20,NVDA,0,0,0.24597752227610375,0
2023-01-23,NVDA,0,0,0.4885313664948927,1
2023-01-24,NVDA,0,0,0.12102667253587124,0
2023-01-25,NVDA,0,0,0.10250514965714688,0
2023-01-26,NVDA,0,0,0.37370564874511625,0
2023-01-27,NVDA,0,0,0.37416785097052846,0
2023-01-30,NVDA,0,0,0.2727584756206414,0
2023-01-31,NVDA,0,0,0.08849408204945823,0
2023-02-01,NVDA,0,0,0.4563561725034428,1
2023-02-02,NVDA,0,0,0.319525175460832,0
2023-02-03,NVDA,0,0,0.07871933039084783,0
2023-02-06,NVDA,0,0,0.07480271837397129,0
2023-02-07,NVDA,0,0,0.15322222179024023,0
2023-02-08,NVDA,0,0,0.0793445273051922,0
2023-02-09,NVDA,0,0,0.0730338537672137,0
2023-02-10,NVDA,0,0,0.0813795395723125,0
2023-02-13,NVDA,0,0,0.1059019968490028,0
2023-02-14,NVDA,0,0,0.12523787055011393,0
2023-02-15,NVDA,0,0,0.06397696765798927,0
2023-02-16,NVDA,0,0,0.09766399029288918,0
2023-02-17,NVDA,0,0,0.10157094021021328,0
2023-02-21,NVDA,0,0,0.08224541202183441,0
2023-02-22,NVDA,0,0,0.1998380191090585,0
2023-02-23,NVDA,0,0,0.7364166264448048,1
2023-02-24,NVDA,0,0,0.12986839810264514,0
2023-02-27,NVDA,0,0,0.0926118074830835,0
2023-02-28,NVDA,0,0,0.1079600529802554,0
2023-03-01,NVDA,0,0,0.21437570112811136,0
2023-03-02,NVDA,0,0,0.17213397216973234,0
2023-03-03,NVDA,0,0,0.10362110787714528,0
2023-03-06,NVDA,0,0,0.09450800565085302,0
2023-03-07,NVDA,0,0,0.1668939537100068,0
2023-03-08,NVDA,0,0,0.14009048008324332,0
2023-03-09,NVDA,0,0,0.14054235465247683,0
2023-03-10,NVDA,0,0,0.13765681836731752,0
2023-03-13,NVDA,0,0,0.2047429835433025,0
2023-03-14,NVDA,0,0,0.17462293030899761,0
2023-03-15,NVDA,0,0,0.105384277929294,0
2023-03-16,NVDA,0,0,0.1374244262819021,0
2023-03-17,NVDA,0,0,0.055809379632972146,0
2023-03-20,NVDA,0,0,0.06803935673332498,0
2023-03-21,NVDA,0,0,0.05478307533334855,0
2023-03-22,NVDA,0,0,0.0592597751456765,0
2023-03-23,NVDA,0,0,0.13614600487678158,0
2023-03-24,NVDA,0,0,0.054022818519167286,0
2023-03-27,NVDA,0,0,0.06559911109825133,0
2023-03-28,NVDA,0,0,0.06512392122719399,0
2023-03-29,NVDA,0,0,0.10901534520609071,0
2023-03-30,NVDA,0,0,0.12338546163022966,0
2023-03-31,NVDA,0,0,0.08548023820370983,0
2023-04-03,NVDA,0,0,0.07720779211608636,0
2023-04-04,NVDA,0,0,0.06511382066491332,0
2023-04-05,NVDA,0,0,0.07672684435377838,0
2023-04-06,NVDA,0,0,0.1307404349009213,0
2023-04-10,NVDA,0,0,0.10254209839794644,0
2023-04-11,NVDA,0,0,0.12346528190626159,0
2023-04-12,NVDA,0,0,0.11392302726660719,0
2023-04-13,NVDA,0,0,0.241986489125208,0
2023-04-14,NVDA,0,0,0.2012282829557521,0
2023-04-17,NVDA,0,0,0.18579255356930513,0
2023-04-18,NVDA,0,0,0.17678730255208228,0
2023-04-19,NVDA,0,0,0.10648372487549798,0
2023-04-20,NVDA,0,0,0.21459105015209606,0
2023-04-21,NVDA,0,0,0.2668843409873032,0
2023-04-24,NVDA,0,0,0.2251287168379028,0
2023-04-25,NVDA,0,0,0.17452682659652627,0
2023-04-26,NVDA,0,0,0.29948510596747,0
2023-04-27,NVDA,0,0,0.29784419672561296,0
2023-04-28,NVDA,0,0,0.27497410967781327,0
2023-05-01,NVDA,0,0,0.28661516906549506,0
2023-05-02,NVDA,0,0,0.14130810526336912,0
2023-05-03,NVDA,0,0,0.1772183979614582,0
2023-05-04,NVDA,0,0,0.1722059101729214,0
2023-05-05,NVDA,0,0,0.36507912888456256,0
2023-05-08,NVDA,0,0,0.16895873737368072,0
2023-05-09,NVDA,0,0,0.1150191024767799,0
2023-05-10,NVDA,0,0,0.11797763376160786,0
2023-05-11,NVDA,0,0,0.13416791311574053,0
2023-05-12,NVDA,0,0,0.1515490379581971,0
2023-05-15,NVDA,0,0,0.17653827300246386,0
2023-05-16,NVDA,0,0,0.11289551541463415,0
2023-05-17,NVDA,0,0,0.1692751739834167,0
2023-05-18,NVDA,0,0,0.16489049750659476,0
2023-05-19,NVDA,0,0,0.08207272655403923,0
2023-05-22,NVDA,0,0,0.07995919946182184,0
2023-05-23,NVDA,0,0,0.07762153169095941,0
2023-05-24,NVDA,0,0,0.0842311295247933,0
2023-05-25,NVDA,0,0,0.7418614209831874,1
2023-05-26,NVDA,0,0,0.34485687343810123,0
2023-05-30,NVDA,0,0,0.3509246312590078,0
2023-05-31,NVDA,0,0,0.33840744734244427,0
2023-06-01,NVDA,0,0,0.3204259351092053,0
2023-06-02,NVDA,0,0,0.349647075480206,0
2023-06-05,NVDA,0,0,0.3417370219730634,0
2023-06-06,NVDA,0,0,0.374894898560867,0
2023-06-07,NVDA,0,0,0.36470766795338794,0
2023-06-08,NVDA,0,0,0.3689550680246605,0
2023-06-09,NVDA,0,0,0.12101757194145549,0
2023-06-12,NVDA,0,0,0.10180477793561792,0
2023-06-13,NVDA,0,0,0.38586264339129905,0
2023-06-14,NVDA,0,0,0.3135702406284297,0
2023-06-15,NVDA,0,0,0.36381850595641374,0
2023-06-16,NVDA,0,0,0.36298670670740324,0
2023-06-20,NVDA,0,0,0.3663327807985134,0
2023-06-21,NVDA,0,0,0.37728852043199407,0
2023-06-22,NVDA,0,0,0.25580641691779127,0
2023-06-23,NVDA,0,0,0.27064145686143054,0
2023-06-26,NVDA,0,0,0.11339384393100502,0
2023-06-27,NVDA,0,0,0.31435078849170317,0
2023-06-28,NVDA,0,0,0.1326059192531993,0
2023-06-29,NVDA,0,0,0.1846319452339371,0
2023-06-30,NVDA,0,0,0.2540755039718407,0
2023-07-03,NVDA,0,0,0.18463526267267197,0
2023-07-05,NVDA,0,0,0.2021749444724455,0
2023-07-06,NVDA,0,0,0.20386331357267815,0
2023-07-07,NVDA,0,0,0.20440563381052257,0
2023-07-10,NVDA,0,0,0.12487862331228947,0
2023-07-11,NVDA,0,0,0.1590688677928633,0
2023-07-12,NVDA,0,0,0.2159215653192193,0
2023-07-13,NVDA,0,0,0.12225006413119736,0
2023-07-14,NVDA,0,0,0.0634065268420293,0
2023-07-17,NVDA,0,0,0.07508540682538228,0
2023-07-18,NVDA,0,0,0.07195496170632683,0
2023-07-19,NVDA,0,0,0.07106671411890174,0
2023-07-20,NVDA,0,0,0.08605925418802265,0
2023-07-21,NVDA,0,0,0.10229492038144566,0
2023-07-24,NVDA,0,0,0.1513054400353502,0
2023-07-25,NVDA,0,0,0.232642075442736,0
2023-07-26,NVDA,0,0,0.09609191690466282,0
2023-07-27,NVDA,0,0,0.12418728581706544,0
2023-07-28,NVDA,0,0,0.12069312339383266,0
2023-07-31,NVDA,0,0,0.08521377272412144,0
2023-08-01,NVDA,0,0,0.0842072000624865,0
2023-08-02,NVDA,0,0,0.06834400486127107,0
2023-08-03,NVDA,0,0,0.13453863499303956,0
2023-08-04,NVDA,0,0,0.10240198027118842,0
2023-08-07,NVDA,0,0,0.2136780283784835,0
2023-08-08,NVDA,0,0,0.06540103332175762,0
2023-08-09,NVDA,0,0,0.06987235705595962,0
2023-08-10,NVDA,0,0,0.130318434393864,0
2023-08-11,NVDA,0,0,0.07796039129957197,0
2023-08-14,NVDA,0,0,0.49626985481283903,1
2023-08-15,NVDA,0,0,0.3116100129430864,0
2023-08-16,NVDA,0,0,0.23742833964183385,0
2023-08-17,NVDA,0,0,0.21798844145731616,0
2023-08-18,NVDA,0,0,0.22013393536043044,0
2023-08-21,NVDA,0,0,0.36260306907157336,0
2023-08-22,NVDA,0,0,0.14392165190842363,0
2023-08-23,NVDA,0,0,0.2659058798920564,0
2023-08-24,NVDA,0,0,0.08704870486342753,0
2023-08-25,NVDA,0,0,0.12756281646578252,0
2023-08-28,NVDA,0,0,0.1423197704448633,0
2023-08-29,NVDA,0,0,0.18244885986520412,0
2023-08-30,NVDA,0,0,0.06005643430763738,0
2023-08-31,NVDA,0,0,0.06016133383705673,0
2023-09-01,NVDA,0,0,0.05756938047724623,0
2023-09-05,NVDA,0,0,0.0734889996484777,0
2023-09-06,NVDA,0,0,0.06704961014953842,0
2023-09-07,NVDA,0,0,0.10558978587447664,0
2023-09-08,NVDA,0,0,0.1018090181579858,0
2023-09-11,NVDA,0,0,0.11321209651022618,0
2023-09-12,NVDA,0,0,0.13826789631515699,0
2023-09-13,NVDA,0,0,0.18836424205933414,0
2023-09-14,NVDA,0,0,0.1265902714332767,0
2023-09-15,NVDA,0,0,0.04897430762231497,0
2023-09-18,NVDA,0,0,0.1468694339293247,0
2023-09-19,NVDA,0,0,0.12124364012233609,0
2023-09-20,NVDA,0,0,0.0699655763291828,0
2023-09-21,NVDA,0,0,0.08295175738574788,0
2023-09-22,NVDA,0,0,0.21962926406469568,0
2023-09-25,NVDA,0,0,0.2821149072995451,0
2023-09-26,NVDA,0,0,0.18754858572692037,0
2023-09-27,NVDA,0,0,0.2055574747427945,0
2023-09-28,NVDA,0,0,0.2734377434982374,0
2023-09-29,NVDA,0,0,0.18504284459781215,0
2023-10-02,NVDA,0,0,0.4102928325214791,0
2023-10-03,NVDA,0,0,0.14187494043533755,0
2023-10-04,NVDA,0,0,0.22381031410355978,0
2023-10-05,NVDA,0,0,0.23044283314236766,0
2023-10-06,NVDA,0,0,0.271850103122727,0
2023-10-09,NVDA,0,0,0.08900806885616061,0
2023-10-10,NVDA,0,0,0.13629461598175083,0
2023-10-11,NVDA,0,0,0.15665289628548587,0
2023-10-12,NVDA,0,0,0.07111819299501984,0
2023-10-13,NVDA,0,0,0.09002720768811857,0
2023-10-16,NVDA,0,0,0.15827261547551416,0
2023-10-17,NVDA,0,0,0.08553975036080366,0
2023-10-18,NVDA,0,0,0.14164587986418578,0
2023-10-19,NVDA,0,0,0.3095200150415174,0
2023-10-20,NVDA,0,0,0.13619834251093896,0
2023-10-23,NVDA,0,0,0.4677088543008751,1
2023-10-24,NVDA,0,0,0.31035180303761867,0
2023-10-25,NVDA,0,0,0.17766130391669366,0
2023-10-26,NVDA,0,0,0.10301901781987191,0
2023-10-27,NVDA,0,0,0.23055746380064665,0
2023-10-30,NVDA,0,0,0.2854729874610757,0
2023-10-31,NVDA,0,0,0.1704398157344916,0
2023-11-01,NVDA,0,0,0.40277209866664987,0
2023-11-02,NVDA,0,0,0.37194329051786634,0
2023-11-03,NVDA,0,0,0.38906546535786435,0
2023-11-06,NVDA,0,0,0.16326566929164513,0
2023-11-07,NVDA,0,0,0.11358862709571053,0
2023-11-08,NVDA,0,0,0.11721444250835968,0
2023-11-09,NVDA,0,0,0.11146900091070779,0
2023-11-10,NVDA,0,0,0.2182191631496794,0
2023-11-13,NVDA,0,0,0.09032109077711063,0
2023-11-14,NVDA,0,0,0.13370183147511824,0
2023-11-15,NVDA,0,0,0.06048196210305547,0
2023-11-16,NVDA,0,0,0.10335838876676863,0
2023-11-17,NVDA,0,0,0.08926106015624122,0
2023-11-20,NVDA,0,0,0.10652561851544445,0
2023-11-21,NVDA,0,0,0.0655188516745886,0
2023-11-22,NVDA,0,0,0.07488852730387952,0
2023-11-24,NVDA,0,0,0.08600345037826748,0
2023-11-27,NVDA,0,0,0.12193808546056338,0
2023-11-28,NVDA,0,0,0.10893214678792743,0
2023-11-29,NVDA,0,0,0.1361385934820648,0
2023-11-30,NVDA,0,0,0.06261237079030911,0
2023-12-01,NVDA,0,0,0.10993185856210168,0
2023-12-04,NVDA,0,0,0.082155242735766,0
2023-12-05,NVDA,0,0,0.2638074059485751,0
2023-12-06,NVDA,0,0,0.12487370521270715,0
2023-12-07,NVDA,0,0,0.2990549652901435,0
2023-12-08,NVDA,0,0,0.25475058027417047,0
2023-12-11,NVDA,0,0,0.15449327497581142,0
2023-12-12,NVDA,0,0,0.3319379899169203,0
2023-12-13,NVDA,0,0,0.22348976820757946,0
2023-12-14,NVDA,0,0,0.18457151407524153,0
2023-12-15,NVDA,0,0,0.20016644769308597,0
2023-12-18,NVDA,0,0,0.2133566133126216,0
2023-12-19,NVDA,0,0,0.1304102975792236,0
2023-12-20,NVDA,0,0,0.15033486987507882,0
2023-12-21,NVDA,0,0,0.23766988758276242,0
2023-12-22,NVDA,0,0,0.15380566654524128,0
2023-12-26,NVDA,0,0,0.1927878080792881,0
2023-12-27,NVDA,0,0,0.1513430893234051,0
2023-12-28,NVDA,0,0,0.16085489482624724,0
2023-12-29,NVDA,0,0,0.11307639161504954,0
2021-11-26,QQQ,0,0,0.06067980872947031,0
2021-11-29,QQQ,0,0,0.0892605914331659,0
2021-11-30,QQQ,0,0,0.07331503192047815,0
2021-12-01,QQQ,0,0,0.05920736466965116,0
2021-12-02,QQQ,0,0,0.13017534652244134,0
2021-12-03,QQQ,0,0,0.03651516466136567,0
2021-12-06,QQQ,0,0,0.10849352844107749,0
2021-12-07,QQQ,0,0,0.12206804380356909,0
2021-12-08,QQQ,0,0,0.1402786816534226,0
2021-12-09,QQQ,0,0,0.10290123563287153,0
2021-12-10,QQQ,0,0,0.09427864518968046,0
2021-12-13,QQQ,0,0,0.10419221303255184,0
2021-12-14,QQQ,0,0,0.10498661912819045,0
2021-12-15,QQQ,0,0,0.10279491582289353,0
2021-12-16,QQQ,0,0,0.08191166612908495,0
2021-12-17,QQQ,0,0,0.10016100969442031,0
2021-12-20,QQQ,0,0,0.09310795385329823,0
2021-12-21,QQQ,0,1,0.22975323703120273,0
2021-12-22,QQQ,0,1,0.22001486748560636,0
2021-12-23,QQQ,0,1,0.13590527592980522,0
2021-12-27,QQQ,1,1,0.773135794713508,1
2021-12-28,QQQ,1,1,0.7052204473333387,1
2021-12-29,QQQ,1,1,0.5934712222001107,1
2021-12-30,QQQ,0,0,0.09270787121030785,0
2021-12-31,QQQ,0,0,0.07361260061104256,0
2022-01-03,QQQ,0,0,0.06769086701016662,0
2022-01-04,QQQ,0,0,0.04903633040338778,0
2022-01-05,QQQ,0,0,0.04656909748375378,0
2022-01-06,QQQ,0,0,0.08216983295987612,0
2022-01-07,QQQ,0,0,0.04475693340555939,0
2022-01-10,QQQ,0,0,0.05430744528212272,0
2022-01-11,QQQ,0,0,0.17042992920458236,0
2022-01-12,QQQ,0,0,0.14251444900901164,0
2022-01-13,QQQ,0,0,0.021044071795428988,0
2022-01-14,QQQ,0,0,0.09532019341270462,0
2022-01-18,QQQ,0,0,0.015251448030356274,0
2022-01-19,QQQ,0,0,0.03473105611935913,0
2022-01-20,QQQ,0,0,0.031100331718574938,0
2022-01-21,QQQ,0,0,0.0202333119499085,0
2022-01-24,QQQ,0,0,0.07525271631957646,0
2022-01-25,QQQ,0,0,0.019659726525888026,0
2022-01-26,QQQ,0,0,0.032801628573472415,0
2022-01-27,QQQ,0,0,0.01982537315010954,0
2022-01-28,QQQ,0,0,0.058041220771355075,0
2022-01-31,QQQ,0,0,0.13216023566085788,0
2022-02-01,QQQ,0,0,0.1676147433190599,0
2022-02-02,QQQ,0,0,0.1185415018403584,0
2022-02-03,QQQ,0,0,0.08604066880902167,0
2022-02-04,QQQ,0,0,0.15123250974452515,0
2022-02-07,QQQ,0,0,0.1136987675293534,0
2022-02-08,QQQ,0,0,0.11738756585873027,0
2022-02-09,QQQ,0,0,0.1464868090025143,0
2022-02-10,QQQ,0,0,0.05980746035016331,0
2022-02-11,QQQ,0,0,0.1029530394659221,0
2022-02-14,QQQ,0,0,0.15765679384820055,0
2022-02-15,QQQ,0,0,0.22694828936233113,0
2022-02-16,QQQ,0,0,0.14635143360279773,0
2022-02-17,QQQ,0,0,0.08281879409877403,0
2022-02-18,QQQ,0,0,0.11233594135317825,0
2022-02-22,QQQ,0,0,0.1481010180014241,0
2022-02-23,QQQ,0,0,0.028615985370455198,0
2022-02-24,QQQ,0,0,0.09327314605947302,0
2022-02-25,QQQ,0,0,0.2395446596729189,0
2022-02-28,QQQ,0,0,0.1814254537624105,0
2022-03-01,QQQ,0,0,0.16669798857307108,0
2022-03-02,QQQ,0,0,0.25500580613001267,0
2022-03-03,QQQ,0,0,0.16967682347101895,0
2022-03-04,QQQ,0,0,0.15774614800835424,0
2022-03-07,QQQ,0,0,0.08251718448756683,0
2022-03-08,QQQ,0,0,0.1626525218002714,0
2022-03-09,QQQ,0,0,0.1554183724122963,0
2022-03-10,QQQ,0,0,0.23373139568785453,0
2022-03-11,QQQ,0,0,0.15397376964099116,0
2022-03-14,QQQ,0,0,0.05684739697730939,0
2022-03-15,QQQ,0,0,0.2922462525125645,0
2022-03-16,QQQ,0,0,0.38063532772711905,0
2022-03-17,QQQ,0,0,0.20018010890367924,0
2022-03-18,QQQ,0,0,0.13304283589896646,0
2022-03-21,QQQ,0,0,0.07963309683880704,0
2022-03-22,QQQ,0,0,0.10796559224047807,0
2022-03-23,QQQ,0,0,0.07190725751036764,0
2022-03-24,QQQ,0,0,0.13248596192737197,0
2022-03-25,QQQ,0,0,0.08211336563484063,0
2022-03-28,QQQ,0,0,0.17462267664616113,0
2022-03-29,QQQ,0,0,0.1644128824572696,0
2022-03-30,QQQ,0,0,0.04998481211864343,0
2022-03-31,QQQ,0,0,0.09534198080898197,0
2022-04-01,QQQ,0,0,0.17466834466200004,0
2022-04-04,QQQ,0,0,0.18564606942446826,0
2022-04-05,QQQ,0,0,0.14020404164824884,0
2022-04-06,QQQ,0,0,0.14346140263375753,0
2022-04-07,QQQ,0,0,0.23107702361799512,0
2022-04-08,QQQ,0,0,0.1535904403892211,0
2022-04-11,QQQ,0,0,0.11507590828612287,0
2022-04-12,QQQ,0,0,0.13833460701258257,0
2022-04-13,QQQ,0,0,0.24938493950845766,0
2022-04-14,QQQ,0,0,0.11334381577396357,0
2022-04-18,QQQ,0,0,0.16666983533620686,0
2022-04-19,QQQ,0,0,0.2789931523213404,0
2022-04-20,QQQ,0,0,0.1692846307650946,0
2022-04-21,QQQ,0,0,0.10412197762214816,0
2022-04-22,QQQ,0,0,0.10387460674287036,0
2022-04-25,QQQ,0,0,0.17556461742522236,0
2022-04-26,QQQ,0,0,0.0666572235968485,0
2022-04-27,QQQ,0,0,0.13123403577679565,0
2022-04-28,QQQ,0,0,0.20200954031890092,0
2022-04-29,QQQ,0,0,0.048082133527552716,0
2022-05-02,QQQ,0,1,0.1637708756204133,0
2022-05-03,QQQ,0,1,0.17669286312165622,0
2022-05-04,QQQ,0,1,0.343039285504731,0
2022-05-05,QQQ,1,1,0.20821445824968007,0
2022-05-06,QQQ,1,1,0.21432757666906957,0
2022-05-09,QQQ,1,1,0.1624614385447717,0
2022-05-10,QQQ,0,0,0.11818039124048108,0
2022-05-11,QQQ,0,0,0.049805256240553486,0
2022-05-12,QQQ,0,0,0.019109518774319784,0
2022-05-13,QQQ,0,0,0.04333749894288579,0
2022-05-16,QQQ,0,0,0.10755300792366135,0
2022-05-17,QQQ,0,0,0.15978053525044553,0
2022-05-18,QQQ,0,0,0.0042110318842627685,0
2022-05-19,QQQ,0,0,0.023625526031588236,0
2022-05-20,QQQ,0,0,0.10103657221778134,0
2022-05-23,QQQ,0,0,0.06203284872002056,0
2022-05-24,QQQ,0,0,0.08251271320838988,0
2022-05-25,QQQ,0,0,0.06077264054275127,0
2022-05-26,QQQ,0,0,0.09093221120296704,0
2022-05-27,QQQ,0,0,0.16686325241967337,0
2022-05-31,QQQ,0,0,0.12099821797952877,0
2022-06-01,QQQ,0,0,0.14246789334539633,0
2022-06-02,QQQ,0,0,0.06356372449824499,0
2022-06-03,QQQ,0,0,0.06004255897067704,0
2022-06-06,QQQ,0,0,0.10818618818282331,0
2022-06-07,QQQ,0,0,0.10900493492373448,0
2022-06-08,QQQ,0,0,0.0732495443722471,0
2022-06-09,QQQ,0,0,0.07321530622659918,0
2022-06-10,QQQ,0,0,0.09222649738946287,0
2022-06-13,QQQ,0,0,0.029595492611536246,0
2022-06-14,QQQ,0,0,0.06451756634733508,0
2022-06-15,QQQ,0,0,0.2299113860629071,0
2022-06-16,QQQ,0,0,0.010819961937724337,0
2022-06-17,QQQ,0,0,0.10751959484642622,0
2022-06-21,QQQ,0,0,0.13283484324477926,0
2022-06-22,QQQ,0,0,0.13784500519924028,0
2022-06-23,QQQ,0,0,0.18647438259120533,0
2022-06-24,QQQ,0,0,0.2662758330799153,0
2022-06-27,QQQ,0,0,0.14052612882431553,0
2022-06-28,QQQ,0,0,0.10794388753885377,0
2022-06-29,QQQ,0,0,0.1659607218012222,0
2022-06-30,QQQ,0,0,0.18686140697809264,0
2022-07-01,QQQ,0,0,0.1457408614905124,0
2022-07-05,QQQ,0,0,0.17199734783305223,0
2022-07-06,QQQ,0,0,0.13981011969188836,0
2022-07-07,QQQ,0,0,0.1365928513122209,0
2022-07-08,QQQ,0,0,0.08753846871726605,0
2022-07-11,QQQ,0,0,0.11385613996579869,0
2022-07-12,QQQ,0,0,0.1650276234697759,0
2022-07-13,QQQ,0,0,0.1390418756324383,0
2022-07-14,QQQ,0,0,0.19078722772667886,0
2022-07-15,QQQ,0,0,0.2238168424442744,0
2022-07-18,QQQ,0,0,0.09248576937152458,0
2022-07-19,QQQ,0,0,0.2071416626460608,0
2022-07-20,QQQ,0,0,0.06901856100293921,0
2022-07-21,QQQ,0,0,0.06648643295983683,0
2022-07-22,QQQ,0,0,0.06442853161818539,0
2022-07-25,QQQ,0,0,0.04941141993637141,0
2022-07-26,QQQ,0,0,0.08230386171660858,0
2022-07-27,QQQ,0,0,0.2554124193123687,0
2022-07-28,QQQ,0,0,0.06547090953440607,0
2022-07-29,QQQ,0,0,0.06069958758980296,0
2022-08-01,QQQ,0,0,0.0481587849101366,0
2022-08-02,QQQ,0,0,0.0532446360596855,0
2022-08-03,QQQ,0,0,0.08748794906397017,0
2022-08-04,QQQ,0,0,0.046470377766929374,0
2022-08-05,QQQ,0,0,0.03512488915843155,0
2022-08-08,QQQ,0,0,0.04329023352786261,0
2022-08-09,QQQ,0,0,0.061613812774694465,0
2022-08-10,QQQ,0,0,0.11481022342858622,0
2022-08-11,QQQ,0,0,0.07103258350308794,0
2022-08-12,QQQ,0,0,0.09797402898079158,0
2022-08-15,QQQ,0,0,0.07395153799906277,0
2022-08-16,QQQ,0,0,0.04622645914915524,0
2022-08-17,QQQ,0,0,0.09673414425133312,0
2022-08-18,QQQ,0,0,0.11981499674227912,0
2022-08-19,QQQ,0,0,0.10908385778135488,0
2022-08-22,QQQ,0,0,0.1223447041222037,0
2022-08-23,QQQ,0,0,0.26718294951124266,0
2022-08-24,QQQ,0,0,0.16800775996670717,0
2022-08-25,QQQ,0,0,0.24752202250012828,0
2022-08-26,QQQ,0,0,0.07271609485293676,0
2022-08-29,QQQ,0,0,0.06990252551063633,0
2022-08-30,QQQ,0,0,0.045462210055769656,0
2022-08-31,QQQ,0,0,0.08892581866641976,0
2022-09-01,QQQ,0,0,0.10227913172027066,0
2022-09-02,QQQ,0,0,0.05632704898717847,0
2022-09-06,QQQ,0,0,0.1187553085053504,0
2022-09-07,QQQ,0,0,0.2044280980385233,0
2022-09-08,QQQ,0,0,0.16050146458737455,0
2022-09-09,QQQ,0,1,0.26947410224948803,0
2022-09-12,QQQ,0,1,0.1580740303179226,0
2022-09-13,QQQ,0,1,0.07661522529277927,0
2022-09-14,QQQ,1,1,0.1053053100818157,0
2022-09-15,QQQ,1,1,0.11918137860284131,0
2022-09-16,QQQ,1,1,0.12251471193617462,0
2022-09-19,QQQ,0,0,0.24497576191435963,0
2022-09-20,QQQ,0,0,0.21827301829920268,0
2022-09-21,QQQ,0,0,0.08584880590714467,0
2022-09-22,QQQ,0,0,0.11830818094257435,0
2022-09-23,QQQ,0,0,0.06453169858046229,0
2022-09-26,QQQ,0,0,0.08950295179418352,0
2022-09-27,QQQ,0,0,0.11114186764659793,0
2022-09-28,QQQ,0,0,0.20206641349611246,0
2022-09-29,QQQ,0,0,0.04325286067853115,0
2022-09-30,QQQ,0,0,0.05213166749952103,0
2022-10-03,QQQ,0,0,0.14405152107256552,0
2022-10-04,QQQ,0,0,0.31016780513366676,0
2022-10-05,QQQ,0,0,0.19807079796942734,0
2022-10-06,QQQ,0,0,0.14908889231613526,0
2022-10-07,QQQ,0,0,0.10407518235610418,0
2022-10-10,QQQ,0,0,0.21319387951979957,0
2022-10-11,QQQ,0,0,0.14755531573980518,0
2022-10-12,QQQ,0,0,0.2522229053070353,0
2022-10-13,QQQ,0,0,0.2776786873961946,0
2022-10-14,QQQ,0,0,0.11506018547225945,0
2022-10-17,QQQ,0,0,0.39879411275616616,0
2022-10-18,QQQ,0,0,0.30127045520627804,0
2022-10-19,QQQ,0,0,0.25994900467953663,0
2022-10-20,QQQ,0,0,0.23264015833772916,0
2022-10-21,QQQ,0,0,0.2006539943820458,0
2022-10-24,QQQ,0,0,0.1684404853608004,0
2022-10-25,QQQ,0,0,0.15815372468749705,0
2022-10-26,QQQ,0,0,0.09712188273558993,0
2022-10-27,QQQ,0,0,0.14519723040435858,0
2022-10-28,QQQ,0,0,0.18752347563385965,0
2022-10-31,QQQ,0,0,0.11551273593330393,0
2022-11-01,QQQ,0,0,0.13098911677781194,0
2022-11-02,QQQ,0,0,0.1612853450947566,0
2022-11-03,QQQ,0,0,0.16026400036385946,0
2022-11-04,QQQ,0,0,0.3151395165126221,0
2022-11-07,QQQ,0,0,0.26864581839546486,0
2022-11-08,QQQ,0,0,0.22821273365607297,0
2022-11-09,QQQ,0,0,0.14554548814546595,0
2022-11-10,QQQ,0,0,0.24885553679621486,0
2022-11-11,QQQ,0,0,0.1789186303975635,0
2022-11-14,QQQ,0,0,0.1759590148640175,0
2022-11-15,QQQ,0,0,0.10906399120410659,0
2022-11-16,QQQ,0,0,0.1448273430376727,0
2022-11-17,QQQ,0,0,0.1881745101061975,0
2022-11-18,QQQ,0,0,0.159558051956052,0
2022-11-21,QQQ,0,0,0.20919979713596487,0
2022-11-22,QQQ,0,0,0.1437522037739303,0
2022-11-23,QQQ,0,0,0.11455852337048675,0
2022-11-25,QQQ,0,0,0.15755831030353892,0
2022-11-28,QQQ,0,0,0.1969219088497482,0
2022-11-29,QQQ,0,0,0.20889648938309116,0
2022-11-30,QQQ,0,0,0.14908049897537562,0
2022-12-01,QQQ,0,0,0.08376489721814903,0
2022-12-02,QQQ,0,0,0.10107758560946604,0
2022-12-05,QQQ,0,0,0.18448011028114264,0
2022-12-06,QQQ,0,0,0.13377610616827737,0
2022-12-07,QQQ,0,0,0.26171185393389473,0
2022-12-08,QQQ,0,0,0.34544007633647816,0
2022-12-09,QQQ,0,0,0.22289687377674752,0
2022-12-12,QQQ,0,0,0.2050863220124434,0
2022-12-13,QQQ,0,0,0.1724525104839987,0
2022-12-14,QQQ,0,0,0.2534038251404082,0
2022-12-15,QQQ,0,0,0.12553448609349813,0
2022-12-16,QQQ,0,0,0.2092853309947054,0
2022-12-19,QQQ,0,0,0.14223934991904094,0
2022-12-20,QQQ,0,0,0.2316392782287662,0
2022-12-21,QQQ,0,0,0.3994364796631941,0
2022-12-22,QQQ,0,0,0.11369828545749461,0
2022-12-23,QQQ,0,0,0.25224765419038186,0
2022-12-27,QQQ,0,0,0.13093145649775023,0
2022-12-28,QQQ,0,0,0.11824055437810332,0
2022-12-29,QQQ,0,0,0.19847034272311134,0
2022-12-30,QQQ,0,0,0.17437728978915762,0
2023-01-03,QQQ,0,0,0.14279517535392786,0
2023-01-04,QQQ,0,0,0.19047141407243323,0
2023-01-05,QQQ,0,0,0.09771034254564956,0
2023-01-06,QQQ,0,0,0.28304940899100417,0
2023-01-09,QQQ,0,0,0.16078126412100197,0
2023-01-10,QQQ,0,0,0.11750509189447365,0
2023-01-11,QQQ,0,0,0.10625798316056041,0
2023-01-12,QQQ,0,0,0.06782877732677751,0
2023-01-13,QQQ,0,0,0.05690625521513352,0
2023-01-17,QQQ,0,0,0.038068863850376576,0
2023-01-18,QQQ,0,0,0.037019566351445876,0
2023-01-19,QQQ,0,0,0.051847113851360274,0
2023-01-20,QQQ,0,0,0.10448596294609981,0
2023-01-23,QQQ,0,0,0.07335706471750249,0
2023-01-24,QQQ,0,0,0.03198841986467191,0
2023-01-25,QQQ,0,0,0.027813697368988487,0
2023-01-26,QQQ,0,0,0.06337039664392541,0
2023-01-27,QQQ,0,0,0.056580661147634576,0
2023-01-30,QQQ,0,0,0.039916108227591535,0
2023-01-31,QQQ,0,0,0.07227366870468127,0
2023-02-01,QQQ,0,0,0.06676820255451785,0
2023-02-02,QQQ,0,0,0.22704896733060337,0
2023-02-03,QQQ,0,0,0.03412526633347695,0
2023-02-06,QQQ,0,0,0.038177060202828364,0
2023-02-07,QQQ,0,0,0.0638839119992554,0
2023-02-08,QQQ,0,0,0.0662800301230685,0
2023-02-09,QQQ,0,0,0.08417382965147895,0
2023-02-10,QQQ,0,0,0.14478934501636437,0
2023-02-13,QQQ,0,0,0.15912647982484568,0
2023-02-14,QQQ,0,0,0.14722086125382086,0
2023-02-15,QQQ,0,0,0.10877958763163702,0
2023-02-16,QQQ,0,0,0.15139063808293415,0
2023-02-17,QQQ,0,0,0.21690554220862807,0
2023-02-21,QQQ,0,0,0.14907845667216915,0
2023-02-22,QQQ,0,0,0.10751277206734229,0
2023-02-23,QQQ,0,0,0.29032273381832796,0
2023-02-24,QQQ,0,0,0.19247204622922132,0
2023-02-27,QQQ,0,0,0.33518595340430857,0
2023-02-28,QQQ,0,0,0.24557990815593744,0
2023-03-01,QQQ,0,0,0.18410419330088687,0
2023-03-02,QQQ,0,0,0.2542562356989267,0
2023-03-03,QQQ,0,0,0.2705990525119552,0
2023-03-06,QQQ,0,0,0.2346208972919241,0
2023-03-07,QQQ,0,0,0.18076853601903614,0
2023-03-08,QQQ,0,0,0.213236747202368,0
2023-03-09,QQQ,0,0,0.13164535316564857,0
2023-03-10,QQQ,0,0,0.163959873681276,0
2023-03-13,QQQ,0,0,0.2784954177651608,0
2023-03-14,QQQ,0,0,0.18169688498403413,0
2023-03-15,QQQ,0,0,0.11713536587741631,0
2023-03-16,QQQ,0,0,0.09820019024674294,0
2023-03-17,QQQ,0,0,0.05708707070661319,0
2023-03-20,QQQ,0,0,0.060055473559581914,0
2023-03-21,QQQ,0,0,0.05418151556459906,0
2023-03-22,QQQ,0,0,0.0720910188889935,0
2023-03-23,QQQ,0,0,0.08591725639766118,0
2023-03-24,QQQ,0,0,0.05985418463353555,0
2023-03-27,QQQ,0,0,0.07407315114701854,0
2023-03-28,QQQ,0,0,0.12037502762158915,0
2023-03-29,QQQ,0,0,0.10791315876454324,0
2023-03-30,QQQ,0,0,0.080126848989716,0
2023-03-31,QQQ,0,0,0.07590653108458516,0
2023-04-03,QQQ,0,0,0.0544684482615641,0
2023-04-04,QQQ,0,0,0.05010706450972855,0
2023-04-05,QQQ,0,0,0.08605475387739096,0
2023-04-06,QQQ,0,0,0.10736789784319353,0
2023-04-10,QQQ,0,0,0.10916905413670913,0
2023-04-11,QQQ,0,0,0.15612250412103698,0
2023-04-12,QQQ,0,0,0.13895054612688285,0
2023-04-13,QQQ,0,0,0.14222682774904022,0
2023-04-14,QQQ,0,0,0.18968087241712314,0
2023-04-17,QQQ,0,0,0.22792562000948838,0
2023-04-18,QQQ,0,0,0.22718242938263064,0
2023-04-19,QQQ,0,0,0.25838619977782634,0
2023-04-20,QQQ,0,0,0.2317698518415645,0
2023-04-21,QQQ,0,0,0.2966098627872691,0
2023-04-24,QQQ,0,0,0.2830048942273963,0
2023-04-25,QQQ,0,0,0.17120566914903723,0
2023-04-26,QQQ,0,0,0.27417769985822066,0
2023-04-27,QQQ,0,0,0.14529951394092253,0
2023-04-28,QQQ,0,0,0.22046279323981446,0
2023-05-01,QQQ,0,0,0.21836105641936324,0
2023-05-02,QQQ,0,0,0.2719719707987269,0
2023-05-03,QQQ,0,0,0.3325645169038711,0
2023-05-04,QQQ,0,0,0.3113337339526718,0
2023-05-05,QQQ,0,0,0.1462382920331592,0
2023-05-08,QQQ,0,0,0.16585835029786233,0
2023-05-09,QQQ,0,0,0.18473742447360814,0
2023-05-10,QQQ,0,0,0.13617644856877273,0
2023-05-11,QQQ,0,0,0.17931998500986726,0
2023-05-12,QQQ,0,0,0.2026526494320038,0
2023-05-15,QQQ,0,0,0.16527082907855264,0
2023-05-16,QQQ,0,0,0.1131497125467189,0
2023-05-17,QQQ,0,0,0.07900952172763874,0
2023-05-18,QQQ,0,0,0.053728841621377595,0
2023-05-19,QQQ,0,0,0.0398385778523368,0
2023-05-22,QQQ,0,0,0.05076559954969192,0
2023-05-23,QQQ,0,0,0.0809884341030793,0
2023-05-24,QQQ,0,0,0.11287165420665396,0
2023-05-25,QQQ,0,0,0.08700075405939761,0
2023-05-26,QQQ,0,0,0.09140137384288112,0
2023-05-30,QQQ,0,0,0.0487859559656883,0
2023-05-31,QQQ,0,0,0.03759144086148414,0
2023-06-01,QQQ,0,0,0.059602315479904695,0
2023-06-02,QQQ,0,0,0.04653039577026044,0
2023-06-05,QQQ,0,0,0.029591632625614414,0
2023-06-06,QQQ,0,0,0.030156560266916033,0
2023-06-07,QQQ,0,0,0.06963635579135997,0
2023-06-08,QQQ,0,0,0.08683642694916227,0
2023-06-09,QQQ,0,0,0.056339857532245304,0
2023-06-12,QQQ,0,0,0.06752122042323429,0
2023-06-13,QQQ,0,0,0.040127916205936684,0
2023-06-14,QQQ,0,0,0.03969867559423321,0
2023-06-15,QQQ,0,0,0.04562051396410044,0
2023-06-16,QQQ,0,0,0.02532468243608313,0
2023-06-20,QQQ,0,0,0.04866245016057758,0
2023-06-21,QQQ,0,0,0.0659373413142229,0
2023-06-22,QQQ,0,0,0.10505591166704543,0
2023-06-23,QQQ,0,0,0.08084319015927982,0
2023-06-26,QQQ,0,0,0.06721629750982956,0
2023-06-27,QQQ,0,0,0.1598041242731816,0
2023-06-28,QQQ,0,0,0.14334256338464796,0
2023-06-29,QQQ,0,0,0.12074748545247983,0
2023-06-30,QQQ,0,0,0.12390828648008312,0
2023-07-03,QQQ,0,0,0.0936696285370518,0
2023-07-05,QQQ,0,0,0.09157721947527599,0
2023-07-06,QQQ,0,0,0.07941957436409663,0
2023-07-07,QQQ,0,0,0.12672886471187483,0
2023-07-10,QQQ,0,0,0.11616726931647986,0
2023-07-11,QQQ,0,0,0.1054669802061017,0
2023-07-12,QQQ,0,0,0.07214541587077597,0
2023-07-13,QQQ,0,0,0.07835094106248044,0
2023-07-14,QQQ,0,0,0.045667526173296655,0
2023-07-17,QQQ,0,0,0.07252563297483171,0
2023-07-18,QQQ,0,0,0.05547825204704442,0
2023-07-19,QQQ,0,0,0.049951703078022186,0
2023-07-20,QQQ,0,0,0.04717212657602177,0
2023-07-21,QQQ,0,0,0.0897199015041912,0
2023-07-24,QQQ,0,0,0.07993338048362814,0
2023-07-25,QQQ,0,0,0.12101974443596902,0
2023-07-26,QQQ,0,0,0.09613394786394311,0
2023-07-27,QQQ,0,0,0.10544287323802821,0
2023-07-28,QQQ,0,0,0.11960947406762228,0
2023-07-31,QQQ,0,0,0.1438738482444262,0
2023-08-01,QQQ,0,0,0.13520697271464419,0
2023-08-02,QQQ,0,0,0.0471941834021055,0
2023-08-03,QQQ,0,0,0.0899475369504177,0
2023-08-04,QQQ,0,0,0.07635975974849851,0
2023-08-07,QQQ,0,0,0.1595595808806339,0
2023-08-08,QQQ,0,0,0.06462045012763303,0
2023-08-09,QQQ,0,0,0.05394407920055726,0
2023-08-10,QQQ,0,0,0.08297724479174393,0
2023-08-11,QQQ,0,0,0.052942857948836554,0
2023-08-14,QQQ,0,0,0.09111234576022414,0
2023-08-15,QQQ,0,0,0.047710094330876945,0
2023-08-16,QQQ,0,0,0.04701973412603018,0
2023-08-17,QQQ,0,0,0.04616297753271346,0
2023-08-18,QQQ,0,0,0.10290096263912368,0
2023-08-21,QQQ,0,0,0.13593339298408785,0
2023-08-22,QQQ,0,0,0.1437936335127425,0
2023-08-23,QQQ,0,0,0.16607605671740494,0
2023-08-24,QQQ,0,0,0.050762556215047196,0
2023-08-25,QQQ,0,0,0.1356824460775931,0
2023-08-28,QQQ,0,0,0.12451234953880513,0
2023-08-29,QQQ,0,0,0.0884017799110246,0
2023-08-30,QQQ,0,0,0.06566348199006536,0
2023-08-31,QQQ,0,0,0.043018873382780855,0
2023-09-01,QQQ,0,0,0.04415306955855789,0
2023-09-05,QQQ,0,0,0.06009096427075278,0
2023-09-06,QQQ,0,0,0.0551962790696251,0
2023-09-07,QQQ,0,0,0.0720143333013865,0
2023-09-08,QQQ,0,0,0.07877607811904931,0
2023-09-11,QQQ,0,0,0.06775018642837458,0
2023-09-12,QQQ,0,0,0.05147477722001568,0
2023-09-13,QQQ,0,0,0.15691965738345484,0
2023-09-14,QQQ,0,0,0.11708029668516502,0
2023-09-15,QQQ,0,0,0.05284314451255353,0
2023-09-18,QQQ,0,0,0.09083635935330941,0
2023-09-19,QQQ,0,0,0.06478620076095502,0
2023-09-20,QQQ,0,0,0.049004322816108684,0
2023-09-21,QQQ,0,0,0.03374957120926871,0
2023-09-22,QQQ,0,0,0.09918882827079843,0
2023-09-25,QQQ,0,0,0.11437596631777384,0
2023-09-26,QQQ,0,0,0.02927440532704525,0
2023-09-27,QQQ,0,0,0.08150722198327791,0
2023-09-28,QQQ,0,0,0.11644240191430974,0
2023-09-29,QQQ,0,0,0.10654096907369576,0
2023-10-02,QQQ,0,0,0.13704340747280053,0
2023-10-03,QQQ,0,0,0.06673226148834187,0
2023-10-04,QQQ,0,0,0.14662707581224757,0
2023-10-05,QQQ,0,0,0.10618860607529801,0
2023-10-06,QQQ,0,0,0.11662210789108836,0
2023-10-09,QQQ,0,0,0.07897839530690115,0
2023-10-10,QQQ,0,0,0.05685942906396813,0
2023-10-11,QQQ,0,0,0.05364648511543995,0
2023-10-12,QQQ,0,0,0.03307272502714661,0
2023-10-13,QQQ,0,0,0.04471909520186903,0
2023-10-16,QQQ,0,0,0.056742401421812874,0
2023-10-17,QQQ,0,0,0.03861438377169044,0
2023-10-18,QQQ,0,0,0.049650231759500556,0
2023-10-19,QQQ,0,0,0.07632622858434908,0
2023-10-20,QQQ,0,0,0.05997823295788703,0
2023-10-23,QQQ,0,0,0.10255711177694019,0
2023-10-24,QQQ,0,0,0.11089818398140944,0
2023-10-25,QQQ,0,0,0.029442665879732963,0
2023-10-26,QQQ,0,0,0.06472823096081523,0
2023-10-27,QQQ,0,0,0.15791492523336537,0
2023-10-30,QQQ,0,0,0.11007665447988098,0
2023-10-31,QQQ,0,0,0.10592208281454508,0
2023-11-01,QQQ,0,0,0.17720979506790172,0
2023-11-02,QQQ,0,0,0.1807472639371884,0
2023-11-03,QQQ,0,0,0.07803985033381594,0
2023-11-06,QQQ,0,0,0.06526887956706191,0
2023-11-07,QQQ,0,0,0.05149099264487043,0
2023-11-08,QQQ,0,0,0.03278919916182889,0
2023-11-09,QQQ,0,0,0.14182800803581258,0
2023-11-10,QQQ,0,0,0.38097971615789206,0
2023-11-13,QQQ,0,0,0.12410305195422151,0
2023-11-14,QQQ,0,0,0.28324741480224247,0
2023-11-15,QQQ,0,0,0.08830971970049399,0
2023-11-16,QQQ,0,0,0.03626561036145694,0
2023-11-17,QQQ,0,0,0.03192479220403795,0
2023-11-20,QQQ,0,0,0.046929909273142806,0
2023-11-21,QQQ,0,0,0.02891860765935242,0
2023-11-22,QQQ,0,0,0.0324876825134213,0
2023-11-24,QQQ,0,0,0.04976122296727862,0
2023-11-27,QQQ,0,0,0.06320581097768682,0
2023-11-28,QQQ,0,0,0.05520869792550481,0
2023-11-29,QQQ,0,0,0.1497474353359511,0
2023-11-30,QQQ,0,0,0.16592939129352713,0
2023-12-01,QQQ,0,0,0.18072323316997982,0
2023-12-04,QQQ,0,0,0.15094356131167921,0
2023-12-05,QQQ,0,0,0.2012454495005119,0
2023-12-06,QQQ,0,0,0.14879511550708124,0
2023-12-07,QQQ,0,0,0.13859387768329767,0
2023-12-08,QQQ,0,0,0.16323595526288148,0
2023-12-11,QQQ,0,0,0.12087747369307475,0
2023-12-12,QQQ,0,0,0.09047715227708124,0
2023-12-13,QQQ,0,0,0.017214111954979797,0
2023-12-14,QQQ,0,0,0.014226415000777471,0
2023-12-15,QQQ,0,0,0.016642866655735326,0
2023-12-18,QQQ,0,0,0.03166665819030556,0
2023-12-19,QQQ,0,0,0.03390037299707873,0
2023-12-20,QQQ,0,0,0.05893625099560944,0
2023-12-21,QQQ,0,0,0.030829957931182643,0
2023-12-22,QQQ,0,0,0.024818100947330834,0
2023-12-26,QQQ,0,0,0.027728291823526395,0
2023-12-27,QQQ,0,0,0.023503075953886402,0
2023-12-28,QQQ,0,0,0.03779544273394689,0
2023-12-29,QQQ,0,0,0.07309477587937331,0
2021-11-26,SPY,0,0,0.07704986874718153,0
2021-11-29,SPY,0,0,0.12949038133979374,0
2021-11-30,SPY,0,0,0.06282161657932184,0
2021-12-01,SPY,0,0,0.05004574649945152,0
2021-12-02,SPY,0,0,0.09137189449302818,0
2021-12-03,SPY,0,0,0.043393373492660675,0
2021-12-06,SPY,0,0,0.09053675296584547,0
2021-12-07,SPY,0,0,0.08111406673689449,0
2021-12-08,SPY,0,0,0.06315997549164871,0
2021-12-09,SPY,0,0,0.061025174063912974,0
2021-12-10,SPY,0,0,0.03799700966628636,0
2021-12-13,SPY,0,0,0.07405031178186353,0
2021-12-14,SPY,0,0,0.06954716243614299,0
2021-12-15,SPY,0,0,0.1168652616214204,0
2021-12-16,SPY,0,0,0.06308900632472621,0
2021-12-17,SPY,0,0,0.04954538950826739,0
2021-12-20,SPY,0,0,0.07425754545344049,0
2021-12-21,SPY,0,1,0.10854818007920826,0
2021-12-22,SPY,0,1,0.11774502825351031,0
2021-12-23,SPY,0,1,0.07004060785275122,0
2021-12-27,SPY,1,1,0.8124242118039888,1
2021-12-28,SPY,1,1,0.71966651899033,1
2021-12-29,SPY,1,1,0.6016988191335619,1
2021-12-30,SPY,0,0,0.06924964902208616,0
2021-12-31,SPY,0,0,0.0726603358723624,0
2022-01-03,SPY,0,0,0.04598815299424735,0
2022-01-04,SPY,0,0,0.06632203484925106,0
2022-01-05,SPY,0,0,0.0798963081233445,0
2022-01-06,SPY,0,0,0.14418974234159382,0
2022-01-07,SPY,0,0,0.11653797963030527,0
2022-01-10,SPY,0,0,0.1296311308710387,0
2022-01-11,SPY,0,0,0.20551029230725468,0
2022-01-12,SPY,0,0,0.23957445453011558,0
2022-01-13,SPY,0,0,0.04791097911661787,0
2022-01-14,SPY,0,0,0.08396401887547164,0
2022-01-18,SPY,0,0,0.038040871381090725,0
2022-01-19,SPY,0,0,0.03595004242505161,0
2022-01-20,SPY,0,0,0.041813247927903356,0
2022-01-21,SPY,0,0,0.017659370343276467,0
2022-01-24,SPY,0,0,0.06822847524130701,0
2022-01-25,SPY,0,0,0.030097449251711487,0
2022-01-26,SPY,0,0,0.030267605778971494,0
2022-01-27,SPY,0,0,0.03758668219809088,0
2022-01-28,SPY,0,0,0.12492275449385033,0
2022-01-31,SPY,0,0,0.19914991430481616,0
2022-02-01,SPY,0,0,0.16744252741574314,0
2022-02-02,SPY,0,0,0.11280306556483888,0
2022-02-03,SPY,0,0,0.06367299674217837,0
2022-02-04,SPY,0,0,0.08614829445635186,0
2022-02-07,SPY,0,0,0.08362515340430615,0
2022-02-08,SPY,0,0,0.07927855735496205,0
2022-02-09,SPY,0,0,0.08717646677526994,0
2022-02-10,SPY,0,0,0.0322370774033036,0
2022-02-11,SPY,0,0,0.040785552564431934,0
2022-02-14,SPY,0,0,0.05966776041022566,0
2022-02-15,SPY,0,0,0.13044343993408056,0
2022-02-16,SPY,0,0,0.08586810836525005,0
2022-02-17,SPY,0,0,0.04575340898333856,0
2022-02-18,SPY,0,0,0.04712456720117641,0
2022-02-22,SPY,0,0,0.051536838314642244,0
2022-02-23,SPY,0,0,0.047413271845763966,0
2022-02-24,SPY,0,0,0.06752447084772445,0
2022-02-25,SPY,0,0,0.17913170377399698,0
2022-02-28,SPY,0,0,0.10077647332130775,0
2022-03-01,SPY,0,0,0.07560085873320394,0
2022-03-02,SPY,0,0,0.22208052713743637,0
2022-03-03,SPY,0,0,0.1150985448857076,0
2022-03-04,SPY,0,0,0.08257750768294547,0
2022-03-07,SPY,0,0,0.04054745048483616,0
2022-03-08,SPY,0,0,0.06872687925488499,0
2022-03-09,SPY,0,0,0.18413682077623525,0
2022-03-10,SPY,0,0,0.10269028886856407,0
2022-03-11,SPY,0,0,0.05795421785568057,0
2022-03-14,SPY,0,0,0.06333812377607068,0
2022-03-15,SPY,0,0,0.21598084627900097,0
2022-03-16,SPY,0,0,0.23661856603589396,0
2022-03-17,SPY,0,0,0.13170790625316428,0
2022-03-18,SPY,0,0,0.06290959264680165,0
2022-03-21,SPY,0,0,0.035405819725770185,0
2022-03-22,SPY,0,0,0.09657805982960344,0
2022-03-23,SPY,0,0,0.03129670571336082,0
2022-03-24,SPY,0,0,0.07150280808001634,0
2022-03-25,SPY,0,0,0.1546945129182474,0
2022-03-28,SPY,0,0,0.17541350306929238,0
2022-03-29,SPY,0,0,0.15850663686930277,0
2022-03-30,SPY,0,0,0.026054359341343352,0
2022-03-31,SPY,0,0,0.051705130284575365,0
2022-04-01,SPY,0,0,0.08356626744225538,0
2022-04-04,SPY,0,0,0.09836232352663685,0
2022-04-05,SPY,0,0,0.11480653186760074,0
2022-04-06,SPY,0,0,0.08557158309561701,0
2022-04-07,SPY,0,0,0.1627709859640449,0
2022-04-08,SPY,0,0,0.12171618176718098,0
2022-04-11,SPY,0,0,0.058738783514329033,0
2022-04-12,SPY,0,0,0.06434345110116019,0
2022-04-13,SPY,0,0,0.14223119318282534,0
2022-04-14,SPY,0,0,0.06594335692522323,0
2022-04-18,SPY,0,0,0.10414680762628313,0
2022-04-19,SPY,0,0,0.11435488241413061,0
2022-04-20,SPY,0,0,0.15018204637951263,0
2022-04-21,SPY,0,0,0.09352485070048931,0
2022-04-22,SPY,0,0,0.02659732202925057,0
2022-04-25,SPY,0,0,0.12290897769831116,0
2022-04-26,SPY,0,0,0.026313578595325814,0
2022-04-27,SPY,0,0,0.07499030746926177,0
2022-04-28,SPY,0,0,0.16906773556501542,0
2022-04-29,SPY,0,0,0.025473762094067973,0
2022-05-02,SPY,0,1,0.09849964980464332,0
2022-05-03,SPY,0,1,0.07972801607249673,0
2022-05-04,SPY,0,1,0.3515755009059507,0
2022-05-05,SPY,1,1,0.20680577731900865,0
2022-05-06,SPY,1,1,0.25266631951550633,0
2022-05-09,SPY,1,1,0.16111399090684866,0
2022-05-10,SPY,0,0,0.15075434723228598,0
2022-05-11,SPY,0,0,0.09045260485281256,0
2022-05-12,SPY,0,0,0.04054384579229251,0
2022-05-13,SPY,0,0,0.19134865408055857,0
2022-05-16,SPY,0,0,0.16447966633041686,0
2022-05-17,SPY,0,0,0.2844519207387323,0
2022-05-18,SPY,0,0,0.040822151054987495,0
2022-05-19,SPY,0,0,0.15919316685383206,0
2022-05-20,SPY,0,0,0.1354113728372563,0
2022-05-23,SPY,0,0,0.10921400553723373,0
2022-05-24,SPY,0,0,0.13591015575514542,0
2022-05-25,SPY,0,0,0.13528190886008185,0
2022-05-26,SPY,0,0,0.11556240672835282,0
2022-05-27,SPY,0,0,0.12980389510855544,0
2022-05-31,SPY,0,0,0.06968340195328301,0
2022-06-01,SPY,0,0,0.0892379313154859,0
2022-06-02,SPY,0,0,0.10920918720136806,0
2022-06-03,SPY,0,0,0.04988883222806939,0
2022-06-06,SPY,0,0,0.09075091385555506,0
2022-06-07,SPY,0,0,0.09823209342426048,0
2022-06-08,SPY,0,0,0.060178316018166145,0
2022-06-09,SPY,0,0,0.04910113512538024,0
2022-06-10,SPY,0,0,0.05851246661169267,0
2022-06-13,SPY,0,0,0.025296394592419114,0
2022-06-14,SPY,0,0,0.04089971433000699,0
2022-06-15,SPY,0,0,0.08817803948430449,0
2022-06-16,SPY,0,0,0.020857600011583082,0
2022-06-17,SPY,0,0,0.02594238829943808,0
2022-06-21,SPY,0,0,0.02690910175177489,0
2022-06-22,SPY,0,0,0.029880925457431828,0
2022-06-23,SPY,0,0,0.04684430755906877,0
2022-06-24,SPY,0,0,0.3019739235538407,0
2022-06-27,SPY,0,0,0.17665531390575875,0
2022-06-28,SPY,0,0,0.0920568791715981,0
2022-06-29,SPY,0,0,0.12620268661795933,0
2022-06-30,SPY,0,0,0.1475797419047551,0
2022-07-01,SPY,0,0,0.1215949045612801,0
2022-07-05,SPY,0,0,0.11714720504639253,0
2022-07-06,SPY,0,0,0.15589520233851997,0
2022-07-07,SPY,0,0,0.15410164215920605,0
2022-07-08,SPY,0,0,0.10971517585875316,0
2022-07-11,SPY,0,0,0.13232884194654543,0
2022-07-12,SPY,0,0,0.13844619508044795,0
2022-07-13,SPY,0,0,0.13369187039758393,0
2022-07-14,SPY,0,0,0.17245255932088505,0
2022-07-15,SPY,0,0,0.12639855641527167,0
2022-07-18,SPY,0,0,0.15284599594444823,0
2022-07-19,SPY,0,0,0.093823083531615,0
2022-07-20,SPY,0,0,0.0549660509117146,0
2022-07-21,SPY,0,0,0.03378362835808725,0
2022-07-22,SPY,0,0,0.05534482577731347,0
2022-07-25,SPY,0,0,0.06457541014727756,0
2022-07-26,SPY,0,0,0.1039867572722413,0
2022-07-27,SPY,0,0,0.2231661422582063,0
2022-07-28,SPY,0,0,0.05369678178766138,0
2022-07-29,SPY,0,0,0.06592109099952465,0
2022-08-01,SPY,0,0,0.1201707103254794,0
2022-08-02,SPY,0,0,0.04416323544747434,0
2022-08-03,SPY,0,0,0.07122208179768058,0
2022-08-04,SPY,0,0,0.04438394970763403,0
2022-08-05,SPY,0,0,0.037943384521834767,0
2022-08-08,SPY,0,0,0.05824135174940628,0
2022-08-09,SPY,0,0,0.05582674420635912,0
2022-08-10,SPY,0,0,0.058817136452315094,0
2022-08-11,SPY,0,0,0.038184209439315976,0
2022-08-12,SPY,0,0,0.04882586216470189,0
2022-08-15,SPY,0,0,0.03816229392930721,0
2022-08-16,SPY,0,0,0.035005584569765734,0
2022-08-17,SPY,0,0,0.04024105534971285,0
2022-08-18,SPY,0,0,0.04534723207069766,0
2022-08-19,SPY,0,0,0.05247334138853834,0
2022-08-22,SPY,0,0,0.073906208105618,0
2022-08-23,SPY,0,0,0.10764896435775154,0
2022-08-24,SPY,0,0,0.11442873200336492,0
2022-08-25,SPY,0,0,0.1504439248864837,0
2022-08-26,SPY,0,0,0.06008919486023057,0
2022-08-29,SPY,0,0,0.1191319578023263,0
2022-08-30,SPY,0,0,0.06332293619579075,0
2022-08-31,SPY,0,0,0.06706608105929866,0
2022-09-01,SPY,0,0,0.10360455064961342,0
2022-09-02,SPY,0,0,0.0759185401429673,0
2022-09-06,SPY,0,0,0.11435616987772157,0
2022-09-07,SPY,0,0,0.24660402083650843,0
2022-09-08,SPY,0,0,0.18348798750413492,0
2022-09-09,SPY,0,1,0.25148693031571107,0
2022-09-12,SPY,0,1,0.1469704496908214,0
2022-09-13,SPY,0,1,0.07265725715863451,0
2022-09-14,SPY,1,1,0.17141967887840653,0
2022-09-15,SPY,1,1,0.14599638013813263,0
2022-09-16,SPY,1,1,0.14055504487397458,0
2022-09-19,SPY,0,0,0.16694362165585053,0
2022-09-20,SPY,0,0,0.11177678531979408,0
2022-09-21,SPY,0,0,0.06410444054617272,0
2022-09-22,SPY,0,0,0.10739924625873866,0
2022-09-23,SPY,0,0,0.022989790084647653,0
2022-09-26,SPY,0,0,0.021474083109816116,0
2022-09-27,SPY,0,0,0.07025375798401731,0
2022-09-28,SPY,0,0,0.13072712007207618,0
2022-09-29,SPY,0,0,0.027564819819300534,0
2022-09-30,SPY,0,0,0.016278241522284156,0
2022-10-03,SPY,0,0,0.09841928449555479,0
2022-10-04,SPY,0,0,0.3345451763982185,0
2022-10-05,SPY,0,0,0.18230361507369658,0
2022-10-06,SPY,0,0,0.152515993333365,0
2022-10-07,SPY,0,0,0.07257786974113135,0
2022-10-10,SPY,0,0,0.1800551023965809,0
2022-10-11,SPY,0,0,0.19210811326327917,0
2022-10-12,SPY,0,0,0.21728225995936645,0
2022-10-13,SPY,0,0,0.20113348838809209,0
2022-10-14,SPY,0,0,0.10888452847839951,0
2022-10-17,SPY,0,0,0.32080470056894145,0
2022-10-18,SPY,0,0,0.33490424123115314,0
2022-10-19,SPY,0,0,0.24743318211596046,0
2022-10-20,SPY,0,0,0.26044051022418163,0
2022-10-21,SPY,0,0,0.17636173813882347,0
2022-10-24,SPY,0,0,0.09077065151785066,0
2022-10-25,SPY,0,0,0.10399141655129548,0
2022-10-26,SPY,0,0,0.07189657209685363,0
2022-10-27,SPY,0,0,0.08167158662640955,0
2022-10-28,SPY,0,0,0.13947969189860404,0
2022-10-31,SPY,0,0,0.04817209300371745,0
2022-11-01,SPY,0,0,0.03370148336802255,0
2022-11-02,SPY,0,0,0.07478931394353085,0
2022-11-03,SPY,0,0,0.15415405586171138,0
2022-11-04,SPY,0,0,0.17108276502868003,0
2022-11-07,SPY,0,0,0.15148589503269275,0
2022-11-08,SPY,0,0,0.15644218724101816,0
2022-11-09,SPY,0,0,0.15120586171568443,0
2022-11-10,SPY,0,0,0.3050267674081422,0
2022-11-11,SPY,0,0,0.08753329088256286,0
2022-11-14,SPY,0,0,0.06926107234863887,0
2022-11-15,SPY,0,0,0.08596059697036373,0
2022-11-16,SPY,0,0,0.07598586486374519,0
2022-11-17,SPY,0,0,0.11440799783884481,0
2022-11-18,SPY,0,0,0.12133633594391023,0
2022-11-21,SPY,0,0,0.1326312215072226,0
2022-11-22,SPY,0,0,0.08182191214111531,0
2022-11-23,SPY,0,0,0.05781664040278988,0
2022-11-25,SPY,0,0,0.09021339871307467,0
2022-11-28,SPY,0,0,0.15471821282269108,0
2022-11-29,SPY,0,0,0.1997954479683987,0
2022-11-30,SPY,0,0,0.16303183714961558,0
2022-12-01,SPY,0,0,0.07452489793117006,0
2022-12-02,SPY,0,0,0.08260239279973527,0
2022-12-05,SPY,0,0,0.10807672870677607,0
2022-12-06,SPY,0,0,0.12418314241033598,0
2022-12-07,SPY,0,0,0.20588811951126107,0
2022-12-08,SPY,0,0,0.2835571275478272,0
2022-12-09,SPY,0,0,0.1391887638257913,0
2022-12-12,SPY,0,0,0.22396889333516665,0
2022-12-13,SPY,0,0,0.19207176103687432,0
2022-12-14,SPY,0,0,0.2278727882687064,0
2022-12-15,SPY,0,0,0.09541487443789642,0
2022-12-16,SPY,0,0,0.10263887255258469,0
2022-12-19,SPY,0,0,0.19052407826586595,0
2022-12-20,SPY,0,0,0.217217671647087,0
2022-12-21,SPY,0,0,0.28386094274122803,0
2022-12-22,SPY,0,0,0.1315464992133502,0
2022-12-23,SPY,0,0,0.275502224091012,0
2022-12-27,SPY,0,0,0.2561871099009388,0
2022-12-28,SPY,0,0,0.1434701371413526,0
2022-12-29,SPY,0,0,0.22176616473107089,0
2022-12-30,SPY,0,0,0.2114359275304756,0
2023-01-03,SPY,0,0,0.22740027527122428,0
2023-01-04,SPY,0,0,0.16676319181004812,0
2023-01-05,SPY,0,0,0.14248494294713324,0
2023-01-06,SPY,0,0,0.1949024890011823,0
2023-01-09,SPY,0,0,0.09238613743318967,0
2023-01-10,SPY,0,0,0.07875131616887251,0
2023-01-11,SPY,0,0,0.0735429071163602,0
2023-01-12,SPY,0,0,0.046717232770113304,0
2023-01-13,SPY,0,0,0.04342029839444977,0
2023-01-17,SPY,0,0,0.052041128578505666,0
2023-01-18,SPY,0,0,0.07781448531861988,0
2023-01-19,SPY,0,0,0.09700432090717294,0
2023-01-20,SPY,0,0,0.10363557556250301,0
2023-01-23,SPY,0,0,0.06242679922849678,0
2023-01-24,SPY,0,0,0.058438330285642964,0
2023-01-25,SPY,0,0,0.06676438036109897,0
2023-01-26,SPY,0,0,0.06349765771392986,0
2023-01-27,SPY,0,0,0.061558888439860814,0
2023-01-30,SPY,0,0,0.14053775035784224,0
2023-01-31,SPY,0,0,0.07840642180086488,0
2023-02-01,SPY,0,0,0.060483918099849016,0
2023-02-02,SPY,0,0,0.10476347662684596,0
2023-02-03,SPY,0,0,0.0483292589980533,0
2023-02-06,SPY,0,0,0.0867686164825697,0
2023-02-07,SPY,0,0,0.061663030814825874,0
2023-02-08,SPY,0,0,0.08071658186851996,0
2023-02-09,SPY,0,0,0.14591753881873742,0
2023-02-10,SPY,0,0,0.19799078830073438,0
2023-02-13,SPY,0,0,0.1302879270030407,0
2023-02-14,SPY,0,0,0.10077108282589435,0
2023-02-15,SPY,0,0,0.14211097387838031,0
2023-02-16,SPY,0,0,0.14350293334615166,0
2023-02-17,SPY,0,0,0.18560038437020274,0
2023-02-21,SPY,0,0,0.1330913233505186,0
2023-02-22,SPY,0,0,0.15158112387170145,0
2023-02-23,SPY,0,0,0.19696935009999209,0
2023-02-24,SPY,0,0,0.16323400295686932,0
2023-02-27,SPY,0,0,0.22219649880411357,0
2023-02-28,SPY,0,0,0.1732409415983903,0
2023-03-01,SPY,0,0,0.15332295314200084,0
2023-03-02,SPY,0,0,0.23151201296707563,0
2023-03-03,SPY,0,0,0.20593097131318985,0
2023-03-06,SPY,0,0,0.2340578876932606,0
2023-03-07,SPY,0,0,0.18741416345960432,0
2023-03-08,SPY,0,0,0.30024407961850896,0
2023-03-09,SPY,0,0,0.10700624990723213,0
2023-03-10,SPY,0,0,0.09786109679715597,0
2023-03-13,SPY,0,0,0.17934197221913098,0
2023-03-14,SPY,0,0,0.20242121330688814,0
2023-03-15,SPY,0,0,0.1747980365222814,0
2023-03-16,SPY,0,0,0.19185323028203366,0
2023-03-17,SPY,0,0,0.11289692177869716,0
2023-03-20,SPY,0,0,0.21150988289088904,0
2023-03-21,SPY,0,0,0.14250202552822772,0
2023-03-22,SPY,0,0,0.15768312355216935,0
2023-03-23,SPY,0,0,0.2158729158508617,0
2023-03-24,SPY,0,0,0.1683071255132999,0
2023-03-27,SPY,0,0,0.13929617650690676,0
2023-03-28,SPY,0,0,0.1883505336054485,0
2023-03-29,SPY,0,0,0.07828679030949824,0
2023-03-30,SPY,0,0,0.08517906843556503,0
2023-03-31,SPY,0,0,0.0350284651417151,0
2023-04-03,SPY,0,0,0.0515570815613149,0
2023-04-04,SPY,0,0,0.05957804719933597,0
2023-04-05,SPY,0,0,0.09796278063473571,0
2023-04-06,SPY,0,0,0.0665690163747899,0
2023-04-10,SPY,0,0,0.07411776723627143,0
2023-04-11,SPY,0,0,0.08519422827146096,0
2023-04-12,SPY,0,0,0.1417710295094269,0
2023-04-13,SPY,0,0,0.11559671719800635,0
2023-04-14,SPY,0,0,0.12058219726256181,0
2023-04-17,SPY,0,0,0.14884343821897703,0
2023-04-18,SPY,0,0,0.16002869521162336,0
2023-04-19,SPY,0,0,0.14968848759095177,0
2023-04-20,SPY,0,0,0.19955517328820865,0
2023-04-21,SPY,0,0,0.2232230529922465,0
2023-04-24,SPY,0,0,0.2068677272361591,0
2023-04-25,SPY,0,0,0.15227396786400146,0
2023-04-26,SPY,0,0,0.2623074391437007,0
2023-04-27,SPY,0,0,0.1693583528172095,0
2023-04-28,SPY,0,0,0.1939743880267477,0
2023-05-01,SPY,0,0,0.19913599173238106,0
2023-05-02,SPY,0,0,0.1981736696475645,0
2023-05-03,SPY,0,0,0.19379769461644913,0
2023-05-04,SPY,0,0,0.1878274209504927,0
2023-05-05,SPY,0,0,0.13223820835009645,0
2023-05-08,SPY,0,0,0.16127284373926584,0
2023-05-09,SPY,0,0,0.14459045445516236,0
2023-05-10,SPY,0,0,0.10398210035262453,0
2023-05-11,SPY,0,0,0.15824797292155776,0
2023-05-12,SPY,0,0,0.16481809951362564,0
2023-05-15,SPY,0,0,0.14073392102815363,0
2023-05-16,SPY,0,0,0.15076602150970084,0
2023-05-17,SPY,0,0,0.09175905258019326,0
2023-05-18,SPY,0,0,0.07588300642059476,0
2023-05-19,SPY,0,0,0.12884040446919315,0
2023-05-22,SPY,0,0,0.18929492942872378,0
2023-05-23,SPY,0,0,0.2157184167043562,0
2023-05-24,SPY,0,0,0.19324521427214408,0
2023-05-25,SPY,0,0,0.12502617764659923,0
2023-05-26,SPY,0,0,0.07889696047044421,0
2023-05-30,SPY,0,0,0.11037212652762238,0
2023-05-31,SPY,0,0,0.1160990907982754,0
2023-06-01,SPY,0,0,0.13982470784694281,0
2023-06-02,SPY,0,0,0.06830249137946194,0
2023-06-05,SPY,0,0,0.07827154593492888,0
2023-06-06,SPY,0,0,0.07377528105273544,0
2023-06-07,SPY,0,0,0.07832321524057863,0
2023-06-08,SPY,0,0,0.08364311349554804,0
2023-06-09,SPY,0,0,0.07223855190537111,0
2023-06-12,SPY,0,0,0.08215107412679173,0
2023-06-13,SPY,0,0,0.05933170021301253,0
2023-06-14,SPY,0,0,0.05729263635266834,0
2023-06-15,SPY,0,0,0.06380774185425156,0
2023-06-16,SPY,0,0,0.06765452391134487,0
2023-06-20,SPY,0,0,0.10356773520744224,0
2023-06-21,SPY,0,0,0.10301463129095641,0
2023-06-22,SPY,0,0,0.09357675733348794,0
2023-06-23,SPY,0,0,0.09749576649572839,0
2023-06-26,SPY,0,0,0.11490898403703542,0
2023-06-27,SPY,0,0,0.12375895571708458,0
2023-06-28,SPY,0,0,0.15458065288905487,0
2023-06-29,SPY,0,0,0.15925491747975043,0
2023-06-30,SPY,0,0,0.0850924553025989,0
2023-07-03,SPY,0,0,0.10228518765068466,0
2023-07-05,SPY,0,0,0.0790397312943263,0
2023-07-06,SPY,0,0,0.08854821136194901,0
2023-07-07,SPY,0,0,0.12730182781345825,0
2023-07-10,SPY,0,0,0.11285697715675615,0
2023-07-11,SPY,0,0,0.10838540037808438,0
2023-07-12,SPY,0,0,0.08472151572919073,0
2023-07-13,SPY,0,0,0.08078383439731655,0
2023-07-14,SPY,0,0,0.06915061807812449,0
2023-07-17,SPY,0,0,0.09821910125573846,0
2023-07-18,SPY,0,0,0.06142677412846761,0
2023-07-19,SPY,0,0,0.07077042245893146,0
2023-07-20,SPY,0,0,0.07999433251696218,0
2023-07-21,SPY,0,0,0.08015860978378014,0
2023-07-24,SPY,0,0,0.10618447859667747,0
2023-07-25,SPY,0,0,0.08242759063981528,0
2023-07-26,SPY,0,0,0.08604881596104295,0
2023-07-27,SPY,0,0,0.11599131126412685,0
2023-07-28,SPY,0,0,0.0861342158601962,0
2023-07-31,SPY,0,0,0.10735799511925592,0
2023-08-01,SPY,0,0,0.1328421494769349,0
2023-08-02,SPY,0,0,0.07740729011634918,0
2023-08-03,SPY,0,0,0.1060118451289262,0
2023-08-04,SPY,0,0,0.0675102144808897,0
2023-08-07,SPY,0,0,0.15045524470905813,0
2023-08-08,SPY,0,0,0.10330222738681127,0
2023-08-09,SPY,0,0,0.08285470007952908,0
2023-08-10,SPY,0,0,0.10821047231909338,0
2023-08-11,SPY,0,0,0.11047692542260859,0
2023-08-14,SPY,0,0,0.1424929018444187,0
2023-08-15,SPY,0,0,0.07867726940858406,0
2023-08-16,SPY,0,0,0.135994793243629,0
2023-08-17,SPY,0,0,0.12093756545834772,0
2023-08-18,SPY,0,0,0.15667558791386377,0
2023-08-21,SPY,0,0,0.20823319424152087,0
2023-08-22,SPY,0,0,0.26237131989531176,0
2023-08-23,SPY,0,0,0.22166504872179119,0
2023-08-24,SPY,0,0,0.09469625444037431,0
2023-08-25,SPY,0,0,0.14999256141388526,0
2023-08-28,SPY,0,0,0.17841595274868782,0
2023-08-29,SPY,0,0,0.08222247650553488,0
2023-08-30,SPY,0,0,0.09424469283871599,0
2023-08-31,SPY,0,0,0.0514961139093665,0
2023-09-01,SPY,0,0,0.06457403380922991,0
2023-09-05,SPY,0,0,0.08185173135024783,0
2023-09-06,SPY,0,0,0.07078909923509064,0
2023-09-07,SPY,0,0,0.08258403783166318,0
2023-09-08,SPY,0,0,0.15321917080354594,0
2023-09-11,SPY,0,0,0.12620799705562005,0
2023-09-12,SPY,0,0,0.14892784054649524,0
2023-09-13,SPY,0,0,0.17472544520952676,0
2023-09-14,SPY,0,0,0.11914595564535788,0
2023-09-15,SPY,0,0,0.0738210884890041,0
2023-09-18,SPY,0,0,0.11547603303292413,0
2023-09-19,SPY,0,0,0.10595005310433585,0
2023-09-20,SPY,0,0,0.12392096167781826,0
2023-09-21,SPY,0,0,0.051744089334456074,0
2023-09-22,SPY,0,0,0.08242440864613287,0
2023-09-25,SPY,0,0,0.10580808817772325,0
2023-09-26,SPY,0,0,0.033641289099777996,0
2023-09-27,SPY,0,0,0.08795237129561821,0
2023-09-28,SPY,0,0,0.10535514319245978,0
2023-09-29,SPY,0,0,0.09808231369712185,0
2023-10-02,SPY,0,0,0.12834831398393892,0
2023-10-03,SPY,0,0,0.05162801624779112,0
2023-10-04,SPY,0,0,0.14282379364477768,0
2023-10-05,SPY,0,0,0.14602267909779332,0
2023-10-06,SPY,0,0,0.15040046897270884,0
2023-10-09,SPY,0,0,0.14986578544525042,0
2023-10-10,SPY,0,0,0.11594511575849434,0
2023-10-11,SPY,0,0,0.0995043009119033,0
2023-10-12,SPY,0,0,0.09656543872252224,0
2023-10-13,SPY,0,0,0.10423495115233097,0
2023-10-16,SPY,0,0,0.0618141602599469,0
2023-10-17,SPY,0,0,0.07859026263622099,0
2023-10-18,SPY,0,0,0.06998218106406809,0
2023-10-19,SPY,0,0,0.05769210996903555,0
2023-10-20,SPY,0,0,0.07912785883067121,0
2023-10-23,SPY,0,0,0.1273268679282807,0
2023-10-24,SPY,0,0,0.12621572435887654,0
2023-10-25,SPY,0,0,0.08183626912255314,0
2023-10-26,SPY,0,0,0.08245490767699107,0
2023-10-27,SPY,0,0,0.12528536200632337,0
2023-10-30,SPY,0,0,0.10900739363764515,0
2023-10-31,SPY,0,0,0.13136526872670856,0
2023-11-01,SPY,0,0,0.13567923128625378,0
2023-11-02,SPY,0,0,0.13421567680478785,0
2023-11-03,SPY,0,0,0.07600128774160413,0
2023-11-06,SPY,0,0,0.07233264530129281,0
2023-11-07,SPY,0,0,0.06825798196077325,0
2023-11-08,SPY,0,0,0.0396764822607189,0
2023-11-09,SPY,0,0,0.030491263359154305,0
2023-11-10,SPY,0,0,0.33621390847544397,0
2023-11-13,SPY,0,0,0.03708729646496217,0
2023-11-14,SPY,0,0,0.41100252482092803,0
2023-11-15,SPY,0,0,0.03417435635578022,0
2023-11-16,SPY,0,0,0.028607813432199047,0
2023-11-17,SPY,0,0,0.04223093434398566,0
2023-11-20,SPY,0,0,0.05586185546488943,0
2023-11-21,SPY,0,0,0.03805702396165866,0
2023-11-22,SPY,0,0,0.0407024967270453,0
2023-11-24,SPY,0,0,0.06195617864895793,0
2023-11-27,SPY,0,0,0.06804403722996648,0
2023-11-28,SPY,0,0,0.09245292773803353,0
2023-11-29,SPY,0,0,0.20708127766035844,0
2023-11-30,SPY,0,0,0.17995959236927506,0
2023-12-01,SPY,0,0,0.16550798322294522,0
2023-12-04,SPY,0,0,0.2044499468583419,0
2023-12-05,SPY,0,0,0.22383118277946631,0
2023-12-06,SPY,0,0,0.23804306262732827,0
2023-12-07,SPY,0,0,0.1967431740786207,0
2023-12-08,SPY,0,0,0.17388991854313143,0
2023-12-11,SPY,0,0,0.15768203899098948,0
2023-12-12,SPY,0,0,0.12188200612194365,0
2023-12-13,SPY,0,0,0.23949716786365097,0
2023-12-14,SPY,0,0,0.05865642461543563,0
2023-12-15,SPY,0,0,0.09503197679239425,0
2023-12-18,SPY,0,0,0.09629206070970667,0
2023-12-19,SPY,0,0,0.08900670259010655,0
2023-12-20,SPY,0,0,0.07970391607077605,0
2023-12-21,SPY,0,0,0.08754782365138124,0
2023-12-22,SPY,0,0,0.065990304330543,0
2023-12-26,SPY,0,0,0.0618310042336145,0
2023-12-27,SPY,0,0,0.03832318126720047,0
2023-12-28,SPY,0,0,0.043875866727571856,0
2023-12-29,SPY,0,0,0.09560355934064889,0
2021-11-26,XOM,0,0,0.14991680280250252,0
2021-11-29,XOM,0,0,0.31894259464705127,0
2021-11-30,XOM,0,0,0.12292206988724962,0
2021-12-01,XOM,0,0,0.31007732202285776,0
2021-12-02,XOM,0,0,0.4947072219609338,1
2021-12-03,XOM,0,0,0.359635437187654,0
2021-12-06,XOM,0,0,0.31250752152457173,0
2021-12-07,XOM,0,0,0.31923116873175755,0
2021-12-08,XOM,0,0,0.3276416796358814,0
2021-12-09,XOM,0,0,0.33432168135010887,0
2021-12-10,XOM,0,0,0.21046068776868407,0
2021-12-13,XOM,0,0,0.1916092392137741,0
2021-12-14,XOM,0,0,0.2587632185422081,0
2021-12-15,XOM,0,0,0.2731595871164452,0
2021-12-16,XOM,0,0,0.27420043230397234,0
2021-12-17,XOM,0,0,0.11631365307845742,0
2021-12-20,XOM,0,0,0.1920303828075284,0
2021-12-21,XOM,0,1,0.2950800216772143,0
2021-12-22,XOM,0,1,0.28131320149247674,0
2021-12-23,XOM,0,1,0.27700813850044526,0
2021-12-27,XOM,1,1,0.8605119691935075,1
2021-12-28,XOM,1,1,0.8784649016125301,1
2021-12-29,XOM,1,1,0.8845385124249602,1
2021-12-30,XOM,0,0,0.2704189074021827,0
2021-12-31,XOM,0,0,0.28910479716397763,0
2022-01-03,XOM,0,0,0.1372937873185528,0
2022-01-04,XOM,0,0,0.14454781359406263,0
2022-01-05,XOM,0,0,0.05265297638738348,0
2022-01-06,XOM,0,0,0.08277364011828378,0
2022-01-07,XOM,0,0,0.05564605137943058,0
2022-01-10,XOM,0,0,0.048514986406494875,0
2022-01-11,XOM,0,0,0.1239160231103403,0
2022-01-12,XOM,0,0,0.049116277712250495,0
2022-01-13,XOM,0,0,0.05005202373954406,0
2022-01-14,XOM,0,0,0.0718137148028605,0
2022-01-18,XOM,0,0,0.054630200820097334,0
2022-01-19,XOM,0,0,0.05876984547232777,0
2022-01-20,XOM,0,0,0.05636966931291024,0
2022-01-21,XOM,0,0,0.10359411717498453,0
2022-01-24,XOM,0,0,0.11800807802298541,0
2022-01-25,XOM,0,0,0.12288223255923554,0
2022-01-26,XOM,0,0,0.12048786137456856,0
2022-01-27,XOM,0,0,0.13041773841354606,0
2022-01-28,XOM,0,0,0.1339038163887826,0
2022-01-31,XOM,0,0,0.12038838487682613,0
2022-02-01,XOM,0,0,0.16235051337254475,0
2022-02-02,XOM,0,0,0.05154501985755816,0
2022-02-03,XOM,0,0,0.04615681694253334,0
2022-02-04,XOM,0,0,0.05963099066484511,0
2022-02-07,XOM,0,0,0.05357417706311587,0
2022-02-08,XOM,0,0,0.06446918197633592,0
2022-02-09,XOM,0,0,0.12096688034607493,0
2022-02-10,XOM,0,0,0.1392337926773795,0
2022-02-11,XOM,0,0,0.18154394897159631,0
2022-02-14,XOM,0,0,0.15315849816332644,0
2022-02-15,XOM,0,0,0.18194035856963195,0
2022-02-16,XOM,0,0,0.26477674859907746,0
2022-02-17,XOM,0,0,0.22697311517387098,0
2022-02-18,XOM,0,0,0.17396527469729914,0
2022-02-22,XOM,0,0,0.17733714839557263,0
2022-02-23,XOM,0,0,0.25843686444990044,0
2022-02-24,XOM,0,0,0.1946396947676921,0
2022-02-25,XOM,0,0,0.3178009805485101,0
2022-02-28,XOM,0,0,0.2714809904669533,0
2022-03-01,XOM,0,0,0.23006382817640983,0
2022-03-02,XOM,0,0,0.13445998311154625,0
2022-03-03,XOM,0,0,0.09177727666241235,0
2022-03-04,XOM,0,0,0.1738734949878484,0
2022-03-07,XOM,0,0,0.1528680044752765,0
2022-03-08,XOM,0,0,0.06478634642682342,0
2022-03-09,XOM,0,0,0.10428893955391039,0
2022-03-10,XOM,0,0,0.17668088404864465,0
2022-03-11,XOM,0,0,0.09926994853277295,0
2022-03-14,XOM,0,0,0.09533523339817325,0
2022-03-15,XOM,0,0,0.08266181235008264,0
2022-03-16,XOM,0,0,0.17243276729858303,0
2022-03-17,XOM,0,0,0.2826967256596801,0
2022-03-18,XOM,0,0,0.1728092823626209,0
2022-03-21,XOM,0,0,0.4202695811222484,0
2022-03-22,XOM,0,0,0.23742801637798255,0
2022-03-23,XOM,0,0,0.234541086183905,0
2022-03-24,XOM,0,0,0.25605785500154843,0
2022-03-25,XOM,0,0,0.2918919749714535,0
2022-03-28,XOM,0,0,0.18705992361311072,0
2022-03-29,XOM,0,0,0.18491737386907572,0
2022-03-30,XOM,0,0,0.26905741853347004,0
2022-03-31,XOM,0,0,0.16986393135709263,0
2022-04-01,XOM,0,0,0.17701425477142613,0
2022-04-04,XOM,0,0,0.12708820988503797,0
2022-04-05,XOM,0,0,0.1282088483974598,0
2022-04-06,XOM,0,0,0.17421398304336275,0
2022-04-07,XOM,0,0,0.15744898195097334,0
2022-04-08,XOM,0,0,0.1205906399661038,0
2022-04-11,XOM,0,0,0.0983894845069226,0
2022-04-12,XOM,0,0,0.20133078158578613,0
2022-04-13,XOM,0,0,0.1532752515376328,0
2022-04-14,XOM,0,0,0.10860408034681517,0
2022-04-18,XOM,0,0,0.084953072271366,0
2022-04-19,XOM,0,0,0.04139016001049959,0
2022-04-20,XOM,0,0,0.057166165673968594,0
2022-04-21,XOM,0,0,0.06743938213793911,0
2022-04-22,XOM,0,0,0.08362229574335826,0
2022-04-25,XOM,0,0,0.10693943528924725,0
2022-04-26,XOM,0,0,0.16799993683304207,0
2022-04-27,XOM,0,0,0.24968155482439064,0
2022-04-28,XOM,0,0,0.34005899445159055,0
2022-04-29,XOM,0,0,0.16336054814184248,0
2022-05-02,XOM,0,1,0.23571501477885037,0
2022-05-03,XOM,0,1,0.21127593052011462,0
2022-05-04,XOM,0,1,0.24725302815027883,0
2022-05-05,XOM,1,1,0.9402687659664042,1
2022-05-06,XOM,1,1,0.9188768599784581,1
2022-05-09,XOM,1,1,0.49788975809777725,1
2022-05-10,XOM,0,0,0.2844971882654432,0
2022-05-11,XOM,0,0,0.36503997498107843,0
2022-05-12,XOM,0,0,0.2114115819914672,0
2022-05-13,XOM,0,0,0.3508964819438253,0
2022-05-16,XOM,0,0,0.22526334078153742,0
2022-05-17,XOM,0,0,0.18281314455185516,0
2022-05-18,XOM,0,0,0.12339747116774168,0
2022-05-19,XOM,0,0,0.13826366274882385,0
2022-05-20,XOM,0,0,0.166685998085907,0
2022-05-23,XOM,0,0,0.15197160844816296,0
2022-05-24,XOM,0,0,0.12564305433065467,0
2022-05-25,XOM,0,0,0.14406465266504,0
2022-05-26,XOM,0,0,0.13338751470516697,0
2022-05-27,XOM,0,0,0.1499234704704021,0
2022-05-31,XOM,0,0,0.15655985722612006,0
2022-06-01,XOM,0,0,0.21760079925463557,0
2022-06-02,XOM,0,0,0.1301802161498684,0
2022-06-03,XOM,0,0,0.16691968899781592,0
2022-06-06,XOM,0,0,0.1410509833031985,0
2022-06-07,XOM,0,0,0.04906160067984817,0
2022-06-08,XOM,0,0,0.024633100690366627,0
2022-06-09,XOM,0,0,0.061332959362023313,0
2022-06-10,XOM,0,0,0.10232294536565219,0
2022-06-13,XOM,0,0,0.08697628749624031,0
2022-06-14,XOM,0,0,0.1468300397343549,0
2022-06-15,XOM,0,0,0.12177067613103049,0
2022-06-16,XOM,0,0,0.05307838264205931,0
2022-06-17,XOM,0,0,0.052014671462419886,0
2022-06-21,XOM,0,0,0.2545327273681412,0
2022-06-22,XOM,0,0,0.05169277674969286,0
2022-06-23,XOM,0,0,0.04609877179795678,0
2022-06-24,XOM,0,0,0.17888508946330242,0
2022-06-27,XOM,0,0,0.23018316998763028,0
2022-06-28,XOM,0,0,0.344132410123205,0
2022-06-29,XOM,0,0,0.07849147297322112,0
2022-06-30,XOM,0,0,0.08287119266290507,0
2022-07-01,XOM,0,0,0.19451772762544076,0
2022-07-05,XOM,0,0,0.09966113405332341,0
2022-07-06,XOM,0,0,0.16424751237627083,0
2022-07-07,XOM,0,0,0.2714530316580317,0
2022-07-08,XOM,0,0,0.22635492449242917,0
2022-07-11,XOM,0,0,0.19545409734135402,0
2022-07-12,XOM,0,0,0.21611998412843098,0
2022-07-13,XOM,0,0,0.29299849771646386,0
2022-07-14,XOM,0,0,0.2412606836021709,0
2022-07-15,XOM,0,0,0.21816194906101066,0
2022-07-18,XOM,0,0,0.27996881411213886,0
2022-07-19,XOM,0,0,0.2717620621316221,0
2022-07-20,XOM,0,0,0.159557828926459,0
2022-07-21,XOM,0,0,0.1123916108369073,0
2022-07-22,XOM,0,0,0.1873239328055443,0
2022-07-25,XOM,0,0,0.24633045340871773,0
2022-07-26,XOM,0,0,0.12421455180463865,0
2022-07-27,XOM,0,0,0.13409145432503183,0
2022-07-28,XOM,0,0,0.09562398746444298,0
2022-07-29,XOM,0,0,0.13172116386136773,0
2022-08-01,XOM,0,0,0.04470893600227274,0
2022-08-02,XOM,0,0,0.06564643413909006,0
2022-08-03,XOM,0,0,0.09838959921529365,0
2022-08-04,XOM,0,0,0.09310379781235271,0
2022-08-05,XOM,0,0,0.21689609549324138,0
2022-08-08,XOM,0,0,0.20482518559591212,0
2022-08-09,XOM,0,0,0.2229118975800713,0
2022-08-10,XOM,0,0,0.16878666748964347,0
2022-08-11,XOM,0,0,0.15518912081832498,0
2022-08-12,XOM,0,0,0.12763405477368925,0
2022-08-15,XOM,0,0,0.08484203626945938,0
2022-08-16,XOM,0,0,0.12503523315401058,0
2022-08-17,XOM,0,0,0.18471651885382293,0
2022-08-18,XOM,0,0,0.23838083040034666,0
2022-08-19,XOM,0,0,0.13895393346949553,0
2022-08-22,XOM,0,0,0.12966979017682048,0
2022-08-23,XOM,0,0,0.1822565969644905,0
2022-08-24,XOM,0,0,0.0915986798523438,0
2022-08-25,XOM,0,0,0.08693672637645905,0
2022-08-26,XOM,0,0,0.05666345160361922,0
2022-08-29,XOM,0,0,0.11430645334057411,0
2022-08-30,XOM,0,0,0.10460634246406167,0
2022-08-31,XOM,0,0,0.0757377161620858,0
2022-09-01,XOM,0,0,0.06184694096145266,0
2022-09-02,XOM,0,0,0.14255206987361516,0
2022-09-06,XOM,0,0,0.08999707718436512,0
2022-09-07,XOM,0,0,0.0802609896002257,0
2022-09-08,XOM,0,0,0.13974613327107194,0
2022-09-09,XOM,0,1,0.20945133698069424,0
2022-09-12,XOM,0,1,0.14921277650520814,0
2022-09-13,XOM,0,1,0.07757132484751911,0
2022-09-14,XOM,1,1,0.8958553813398207,1
2022-09-15,XOM,1,1,0.5732562105571672,1
2022-09-16,XOM,1,1,0.5685022076766514,1
2022-09-19,XOM,0,0,0.1475176603847953,0
2022-09-20,XOM,0,0,0.10481149290588672,0
2022-09-21,XOM,0,0,0.09045381295116402,0
2022-09-22,XOM,0,0,0.16442753170851757,0
2022-09-23,XOM,0,0,0.06492346042799502,0
2022-09-26,XOM,0,0,0.07653183162279154,0
2022-09-27,XOM,0,0,0.2744063907390482,0
2022-09-28,XOM,0,0,0.42490642787556604,0
2022-09-29,XOM,0,0,0.2310907327915783,0
2022-09-30,XOM,0,0,0.15719289460659755,0
2022-10-03,XOM,0,0,0.5619492928205575,1
2022-10-04,XOM,0,0,0.5596160600339516,1
2022-10-05,XOM,0,0,0.34142319429710366,0
2022-10-06,XOM,0,0,0.2308654775120905,0
2022-10-07,XOM,0,0,0.0638795590325108,0
2022-10-10,XOM,0,0,0.0611887034329733,0
2022-10-11,XOM,0,0,0.0438671066968245,0
2022-10-12,XOM,0,0,0.07455757418256195,0
2022-10-13,XOM,0,0,0.08876064262692676,0
2022-10-14,XOM,0,0,0.06023798754267872,0
2022-10-17,XOM,0,0,0.09099856312261269,0
2022-10-18,XOM,0,0,0.10923058327938283,0
2022-10-19,XOM,0,0,0.14134355690622666,0
2022-10-20,XOM,0,0,0.0971743783351269,0
2022-10-21,XOM,0,0,0.08276999728263072,0
2022-10-24,XOM,0,0,0.0735351756372977,0
2022-10-25,XOM,0,0,0.05913291020501096,0
2022-10-26,XOM,0,0,0.06581987522834254,0
2022-10-27,XOM,0,0,0.10132977433190478,0
2022-10-28,XOM,0,0,0.12417680282415625,0
2022-10-31,XOM,0,0,0.10579140793493857,0
2022-11-01,XOM,0,0,0.07850130777715932,0
2022-11-02,XOM,0,0,0.10221822932486392,0
2022-11-03,XOM,0,0,0.09226991675199923,0
2022-11-04,XOM,0,0,0.06364296619689448,0
2022-11-07,XOM,0,0,0.026270947568960763,0
2022-11-08,XOM,0,0,0.0183811933146987,0
2022-11-09,XOM,0,0,0.09848600130368229,0
2022-11-10,XOM,0,0,0.22648944836767024,0
2022-11-11,XOM,0,0,0.1165036237383071,0
2022-11-14,XOM,0,0,0.07616195220454665,0
2022-11-15,XOM,0,0,0.07926490807417506,0
2022-11-16,XOM,0,0,0.14615075973292338,0
2022-11-17,XOM,0,0,0.17593178862688388,0
2022-11-18,XOM,0,0,0.15098382739683155,0
2022-11-21,XOM,0,0,0.11666940896215505,0
2022-11-22,XOM,0,0,0.21863797337480673,0
2022-11-23,XOM,0,0,0.1769069074273787,0
2022-11-25,XOM,0,0,0.19091863117146754,0
2022-11-28,XOM,0,0,0.12413071438675338,0
2022-11-29,XOM,0,0,0.16662769071490635,0
2022-11-30,XOM,0,0,0.17543718224423416,0
2022-12-01,XOM,0,0,0.12279532352251557,0
2022-12-02,XOM,0,0,0.08830867428244457,0
2022-12-05,XOM,0,0,0.05757770922465404,0
2022-12-06,XOM,0,0,0.06295564336742956,0
2022-12-07,XOM,0,0,0.12693479302620328,0
2022-12-08,XOM,0,0,0.13660095806209466,0
2022-12-09,XOM,0,0,0.08070031303702181,0
2022-12-12,XOM,0,0,0.23203610328947244,0
2022-12-13,XOM,0,0,0.2268202878912482,0
2022-12-14,XOM,0,0,0.17133344085115537,0
2022-12-15,XOM,0,0,0.15691592435224458,0
2022-12-16,XOM,0,0,0.20748690342866055,0
2022-12-19,XOM,0,0,0.15550753566872325,0
2022-12-20,XOM,0,0,0.12695055392412619,0
2022-12-21,XOM,0,0,0.14426100047484774,0
2022-12-22,XOM,0,0,0.07361862928526675,0
2022-12-23,XOM,0,0,0.3410468047711133,0
2022-12-27,XOM,0,0,0.08642195481938401,0
2022-12-28,XOM,0,0,0.08649801651541597,0
2022-12-29,XOM,0,0,0.1089203835359076,0
2022-12-30,XOM,0,0,0.07424973266057168,0
2023-01-03,XOM,0,0,0.0746184267735038,0
2023-01-04,XOM,0,0,0.16689980297583265,0
2023-01-05,XOM,0,0,0.25920400992471804,0
2023-01-06,XOM,0,0,0.09600297516416036,0
2023-01-09,XOM,0,0,0.07967675680961808,0
2023-01-10,XOM,0,0,0.1570293852383232,0
2023-01-11,XOM,0,0,0.07272817559670029,0
2023-01-12,XOM,0,0,0.09007565898624116,0
2023-01-13,XOM,0,0,0.040654828251359604,0
2023-01-17,XOM,0,0,0.04440269922228057,0
2023-01-18,XOM,0,0,0.07497780784460775,0
2023-01-19,XOM,0,0,0.1376213520250796,0
2023-01-20,XOM,0,0,0.12933336844205157,0
2023-01-23,XOM,0,0,0.09498332272551442,0
2023-01-24,XOM,0,0,0.0456759236943244,0
2023-01-25,XOM,0,0,0.06122935540065468,0
2023-01-26,XOM,0,0,0.1002464450304323,0
2023-01-27,XOM,0,0,0.06288082771855208,0
2023-01-30,XOM,0,0,0.09689979827528045,0
2023-01-31,XOM,0,0,0.1524027653480782,0
2023-02-01,XOM,0,0,0.09474281743454958,0
2023-02-02,XOM,0,0,0.07620838307192541,0
2023-02-03,XOM,0,0,0.13579623474848146,0
2023-02-06,XOM,0,0,0.10648522789517893,0
2023-02-07,XOM,0,0,0.21150062935506736,0
2023-02-08,XOM,0,0,0.11217851948628792,0
2023-02-09,XOM,0,0,0.15499699644339235,0
2023-02-10,XOM,0,0,0.17212532136992184,0
2023-02-13,XOM,0,0,0.09538818127739875,0
2023-02-14,XOM,0,0,0.1306386564167369,0
2023-02-15,XOM,0,0,0.15482452444496614,0
2023-02-16,XOM,0,0,0.14557590739683668,0
2023-02-17,XOM,0,0,0.08168139894352436,0
2023-02-21,XOM,0,0,0.15637822322798323,0
2023-02-22,XOM,0,0,0.1109622700807154,0
2023-02-23,XOM,0,0,0.1905781645591414,0
2023-02-24,XOM,0,0,0.15577029373660128,0
2023-02-27,XOM,0,0,0.14809216624498256,0
2023-02-28,XOM,0,0,0.1508639145046491,0
2023-03-01,XOM,0,0,0.22892480927588474,0
2023-03-02,XOM,0,0,0.25773757258322744,0
2023-03-03,XOM,0,0,0.2860723953883475,0
2023-03-06,XOM,0,0,0.22063669364553073,0
2023-03-07,XOM,0,0,0.15383230560721042,0
2023-03-08,XOM,0,0,0.13687050147317398,0
2023-03-09,XOM,0,0,0.14626432716411283,0
2023-03-10,XOM,0,0,0.1149329293255592,0
2023-03-13,XOM,0,0,0.09509782342312065,0
2023-03-14,XOM,0,0,0.1386344828009787,0
2023-03-15,XOM,0,0,0.0480954507852108,0
2023-03-16,XOM,0,0,0.10127522217830998,0
2023-03-17,XOM,0,0,0.07458479621027518,0
2023-03-20,XOM,0,0,0.16169550065057864,0
2023-03-21,XOM,0,0,0.4258664922720017,0
2023-03-22,XOM,0,0,0.13247719533557348,0
2023-03-23,XOM,0,0,0.1720723018273573,0
2023-03-24,XOM,0,0,0.19278278713945224,0
2023-03-27,XOM,0,0,0.34249832022740007,0
2023-03-28,XOM,0,0,0.2798210102194265,0
2023-03-29,XOM,0,0,0.22621564487667242,0
2023-03-30,XOM,0,0,0.14367778390509,0
2023-03-31,XOM,0,0,0.09295365330750895,0
2023-04-03,XOM,0,0,0.20354464619918203,0
2023-04-04,XOM,0,0,0.06389194950653825,0
2023-04-05,XOM,0,0,0.07467168462296957,0
2023-04-06,XOM,0,0,0.046977867671131004,0
2023-04-10,XOM,0,0,0.0559207596233638,0
2023-04-11,XOM,0,0,0.07539026606599351,0
2023-04-12,XOM,0,0,0.061991576078031345,0
2023-04-13,XOM,0,0,0.06269740004950645,0
2023-04-14,XOM,0,0,0.06888383068176569,0
2023-04-17,XOM,0,0,0.08277858376730635,0
2023-04-18,XOM,0,0,0.1274198774875149,0
2023-04-19,XOM,0,0,0.1062922546216312,0
2023-04-20,XOM,0,0,0.14295417758972956,0
2023-04-21,XOM,0,0,0.14564493675619192,0
2023-04-24,XOM,0,0,0.12416656948969769,0
2023-04-25,XOM,0,0,0.1496613412281715,0
2023-04-26,XOM,0,0,0.10275364241233795,0
2023-04-27,XOM,0,0,0.18891667785347996,0
2023-04-28,XOM,0,0,0.14403646420684627,0
2023-05-01,XOM,0,0,0.08051229380938757,0
2023-05-02,XOM,0,0,0.02769946138428886,0
2023-05-03,XOM,0,0,0.04746206366187655,0
2023-05-04,XOM,0,0,0.03854707435696298,0
2023-05-05,XOM,0,0,0.2540428063854721,0
2023-05-08,XOM,0,0,0.1509898797210588,0
2023-05-09,XOM,0,0,0.13822225894567303,0
2023-05-10,XOM,0,0,0.1230102841475159,0
2023-05-11,XOM,0,0,0.08547473598614731,0
2023-05-12,XOM,0,0,0.12133775219257362,0
2023-05-15,XOM,0,0,0.11415186134754426,0
2023-05-16,XOM,0,0,0.05947260596183391,0
2023-05-17,XOM,0,0,0.18836492583716663,0
2023-05-18,XOM,0,0,0.18825743150080337,0
2023-05-19,XOM,0,0,0.18969760949585981,0
2023-05-22,XOM,0,0,0.11518701206649035,0
2023-05-23,XOM,0,0,0.19207382514778132,0
2023-05-24,XOM,0,0,0.1776850764608855,0
2023-05-25,XOM,0,0,0.12738577724373454,0
2023-05-26,XOM,0,0,0.1450507647941156,0
2023-05-30,XOM,0,0,0.12793279314333336,0
2023-05-31,XOM,0,0,0.09411718736620243,0
2023-06-01,XOM,0,0,0.12670242641578938,0
2023-06-02,XOM,0,0,0.1842918609773257,0
2023-06-05,XOM,0,0,0.10552975034588533,0
2023-06-06,XOM,0,0,0.09801547221402727,0
2023-06-07,XOM,0,0,0.1074621242626777,0
2023-06-08,XOM,0,0,0.09202825666370495,0
2023-06-09,XOM,0,0,0.05856477181189395,0
2023-06-12,XOM,0,0,0.0824985409843233,0
2023-06-13,XOM,0,0,0.10487589805343187,0
2023-06-14,XOM,0,0,0.07819059755326101,0
2023-06-15,XOM,0,0,0.11454337352612347,0
2023-06-16,XOM,0,0,0.11693543229858182,0
2023-06-20,XOM,0,0,0.10433155312249237,0
2023-06-21,XOM,0,0,0.11976876056450825,0
2023-06-22,XOM,0,0,0.13228419636268854,0
2023-06-23,XOM,0,0,0.16042503839262914,0
2023-06-26,XOM,0,0,0.15292540587802247,0
2023-06-27,XOM,0,0,0.1355924640239796,0
2023-06-28,XOM,0,0,0.13096756339848292,0
2023-06-29,XOM,0,0,0.1115086877232042,0
2023-06-30,XOM,0,0,0.12157094873077044,0
2023-07-03,XOM,0,0,0.07449531158745865,0
2023-07-05,XOM,0,0,0.07480255723530928,0
2023-07-06,XOM,0,0,0.09531605986735046,0
2023-07-07,XOM,0,0,0.2081771171413819,0
2023-07-10,XOM,0,0,0.24555428776769753,0
2023-07-11,XOM,0,0,0.15998036585732717,0
2023-07-12,XOM,0,0,0.1642824543914533,0
2023-07-13,XOM,0,0,0.12554427843221358,0
2023-07-14,XOM,0,0,0.10051839818757559,0
2023-07-17,XOM,0,0,0.2390883970558609,0
2023-07-18,XOM,0,0,0.22634320309338885,0
2023-07-19,XOM,0,0,0.2442043878934734,0
2023-07-20,XOM,0,0,0.378329818776024,0
2023-07-21,XOM,0,0,0.2333011780253402,0
2023-07-24,XOM,0,0,0.2893834161419489,0
2023-07-25,XOM,0,0,0.21786629957215756,0
2023-07-26,XOM,0,0,0.1709734679738079,0
2023-07-27,XOM,0,0,0.14989596313227666,0
2023-07-28,XOM,0,0,0.14023218461134584,0
2023-07-31,XOM,0,0,0.33039718685500724,0
2023-08-01,XOM,0,0,0.12481399475438576,0
2023-08-02,XOM,0,0,0.0922949026951304,0
2023-08-03,XOM,0,0,0.11288798564191109,0
2023-08-04,XOM,0,0,0.05132354889679469,0
2023-08-07,XOM,0,0,0.061501088344570694,0
2023-08-08,XOM,0,0,0.06825564087417642,0
2023-08-09,XOM,0,0,0.07104360049301968,0
2023-08-10,XOM,0,0,0.05851164450342956,0
2023-08-11,XOM,0,0,0.04110720250470137,0
2023-08-14,XOM,0,0,0.03772695157411236,0
2023-08-15,XOM,0,0,0.08671258084477636,0
2023-08-16,XOM,0,0,0.040891192153390786,0
2023-08-17,XOM,0,0,0.12888261836617212,0
2023-08-18,XOM,0,0,0.09342166555765173,0
2023-08-21,XOM,0,0,0.043113423392485944,0
2023-08-22,XOM,0,0,0.06871427604981256,0
2023-08-23,XOM,0,0,0.05516581816863135,0
2023-08-24,XOM,0,0,0.05786851079093509,0
2023-08-25,XOM,0,0,0.11996652991230268,0
2023-08-28,XOM,0,0,0.07948976182649863,0
2023-08-29,XOM,0,0,0.07176188061871705,0
2023-08-30,XOM,0,0,0.05994047901560441,0
2023-08-31,XOM,0,0,0.06268313809973639,0
2023-09-01,XOM,0,0,0.12312622980960813,0
2023-09-05,XOM,0,0,0.03512590893244734,0
2023-09-06,XOM,0,0,0.05216728274924356,0
2023-09-07,XOM,0,0,0.032952802667828685,0
2023-09-08,XOM,0,0,0.06913450662865582,0
2023-09-11,XOM,0,0,0.04396467801487841,0
2023-09-12,XOM,0,0,0.06812839254172995,0
2023-09-13,XOM,0,0,0.05481340183090964,0
2023-09-14,XOM,0,0,0.05332310750766621,0
2023-09-15,XOM,0,0,0.09092759149801918,0
2023-09-18,XOM,0,0,0.0959733100652638,0
2023-09-19,XOM,0,0,0.09048818310697719,0
2023-09-20,XOM,0,0,0.13499492484740122,0
2023-09-21,XOM,0,0,0.10846990727479958,0
2023-09-22,XOM,0,0,0.09850435269080604,0
2023-09-25,XOM,0,0,0.12218302257939861,0
2023-09-26,XOM,0,0,0.12017886032615674,0
2023-09-27,XOM,0,0,0.0647976491355487,0
2023-09-28,XOM,0,0,0.10529531761046654,0
2023-09-29,XOM,0,0,0.13449804874187188,0
2023-10-02,XOM,0,0,0.09107832982274323,0
2023-10-03,XOM,0,0,0.10876026951914203,0
2023-10-04,XOM,0,0,0.05970258701868862,0
2023-10-05,XOM,0,0,0.05934337985458864,0
2023-10-06,XOM,0,0,0.08504083971582932,0
2023-10-09,XOM,0,0,0.3366048157132674,0
2023-10-10,XOM,0,0,0.18441647685415388,0
2023-10-11,XOM,0,0,0.2268622113473145,0
2023-10-12,XOM,0,0,0.19047587345097944,0
2023-10-13,XOM,0,0,0.559441556828578,1
2023-10-16,XOM,0,0,0.2956678116739259,0
2023-10-17,XOM,0,0,0.3179390074790211,0
2023-10-18,XOM,0,0,0.22165044433190892,0
2023-10-19,XOM,0,0,0.180272636274457,0
2023-10-20,XOM,0,0,0.14456125760732572,0
2023-10-23,XOM,0,0,0.1375895812422057,0
2023-10-24,XOM,0,0,0.16790401988785697,0
2023-10-25,XOM,0,0,0.17067776983176738,0
2023-10-26,XOM,0,0,0.149165284595264,0
2023-10-27,XOM,0,0,0.10731360914470625,0
2023-10-30,XOM,0,0,0.18982541757349486,0
2023-10-31,XOM,0,0,0.16122255018131043,0
2023-11-01,XOM,0,0,0.1644926225459671,0
2023-11-02,XOM,0,0,0.4366210410073817,0
2023-11-03,XOM,0,0,0.1518781266207401,0
2023-11-06,XOM,0,0,0.09872165724464829,0
2023-11-07,XOM,0,0,0.16323631831696603,0
2023-11-08,XOM,0,0,0.15316134263276018,0
2023-11-09,XOM,0,0,0.21035054166641043,0
2023-11-10,XOM,0,0,0.18065309007496363,0
2023-11-13,XOM,0,0,0.1874811670946468,0
2023-11-14,XOM,0,0,0.1771737112234322,0
2023-11-15,XOM,0,0,0.18454172610575198,0
2023-11-16,XOM,0,0,0.13252167122634034,0
2023-11-17,XOM,0,0,0.2359633440152822,0
2023-11-20,XOM,0,0,0.1705142915458119,0
2023-11-21,XOM,0,0,0.17137995082354096,0
2023-11-22,XOM,0,0,0.14253140345695886,0
2023-11-24,XOM,0,0,0.14509038856486187,0
2023-11-27,XOM,0,0,0.14531216072583344,0
2023-11-28,XOM,0,0,0.16993012409365751,0
2023-11-29,XOM,0,0,0.1255611636020295,0
2023-11-30,XOM,0,0,0.2427283265819607,0
2023-12-01,XOM,0,0,0.1679221371992791,0
2023-12-04,XOM,0,0,0.30935706088267,0
2023-12-05,XOM,0,0,0.10924045249840954,0
2023-12-06,XOM,0,0,0.11882747117962325,0
2023-12-07,XOM,0,0,0.19785879046244806,0
2023-12-08,XOM,0,0,0.23338125995002376,0
2023-12-11,XOM,0,0,0.23416956169589445,0
2023-12-12,XOM,0,0,0.13597461130642263,0
2023-12-13,XOM,0,0,0.23823231447936816,0
2023-12-14,XOM,0,0,0.2816013304795997,0
2023-12-15,XOM,0,0,0.21126357294812026,0
2023-12-18,XOM,0,0,0.2280268791435939,0
2023-12-19,XOM,0,0,0.14610746040652076,0
2023-12-20,XOM,0,0,0.13498268776648298,0
2023-12-21,XOM,0,0,0.2015500302102728,0
2023-12-22,XOM,0,0,0.1717623741057417,0
2023-12-26,XOM,0,0,0.12987910578856957,0
2023-12-27,XOM,0,0,0.13185210539536724,0
2023-12-28,XOM,0,0,0.10945173257890471,0
2023-12-29,XOM,0,0,0.23238432454503954,0
